Unique ID,Leaf collected,Indumentum,Flower colour,Purple flushed,Node,Flower date,Height,Corolla size,Teeth,Branches,Leaf length,Internode length,Cauline ratio,Aborted node,Leaf circularity index,Capsule length,Capsule width,Calyx length,Calyx ratio,Notes
B306,1,1,W,0,5,08/06/2018,46.7,10.8,5,0,6.6,9.2,1.393939394,,,,,,,
B159,1,1,W,0,4,10/06/2018,32.1,8.5,3,0,6.5,9.3,1.430769231,,,,,,,
A1068,0,0,W,0,5,08/06/2018,21.5,4.8,3,0,5,4.3,0.86,,,,,,,
B148,1,1,V,0,6,08/06/2018,89,11.2,6,1,10.1,23.2,2.297029703,,,,,,,
B140,1,1,W,0,5,08/06/2018,64.5,11.6,5,0,11.2,20.9,1.866071429,,,,,,,
B1794,1,1,W,0,4,08/06/2018,84.2,11.2,5,0,10.6,27,2.547169811,,,,,,,
B470,1,1,W,0,5,08/06/2018,46.5,9.9,5,0,8.9,7.4,0.831460674,,,,,,,
B296,1,1,W,0,6,11/06/2018,77.7,9.3,5,1,9,19.3,2.144444444,,,,,,,
B1168,1,1,W,0,4,11/06/2018,55.4,8.4,4,0,8.6,16.1,1.872093023,,,,,,,
B158,1,1,W,0,5,11/06/2018,59.1,8.7,4,0,10.5,16.7,1.59047619,,,,,,,
A426,0,1,V,0,6,11/06/2018,27.3,9.3,5,1,7.8,4.7,0.602564103,,,,,,,
B301,1,1,W,0,5,10/06/2018,38.5,8.6,4,1,8.9,10,1.123595506,,,,,,,
B287,1,1,W,0,6,13/06/2018,23.9,7.2,5,0,6.1,3,0.491803279,,,,,,,
A116,0,0,W,1,5,13/06/2018,23.3,5.3,3,0,3.5,3.4,0.971428571,,,,,,,
B456,1,0,W,0,5,14/06/2018,12.5,5,3,0,4,1.1,0.275,,,,,,,
B298,1,1,W,0,5,12/06/2018,41.9,9.4,3,0,7,9.4,1.342857143,,,,,,,
B469,1,1,W,0,5,12/06/2018,68.3,10.4,4,0,9.6,18.6,1.9375,,,,,,,
B1790,1,1,W,0,4,13/06/2018,33.8,7,5,0,8,5.8,0.725,,,,,,,
B1911,1,1,W,0,4,13/06/2018,46.9,8.2,5,0,10.3,10.6,1.029126214,,,,,,,
B472,1,1,W,0,5,12/06/2018,54.5,7.7,5,0,8.4,15.9,1.892857143,,,,,,,
B1784,1,1,W,0,6,12/06/2018,74.8,9.7,6,3,15.7,15.2,0.968152866,,,,,,,
B144,1,1,V,0,5,13/06/2018,60.8,9.4,4,1,9.4,15.5,1.64893617,,,,,,,
B147,1,1,V,0,6,13/06/2018,69.3,10.5,5,0,7.8,14.3,1.833333333,,,,,,,
B295,1,1,V,0,5,12/06/2018,71.6,10.9,4,0,8,16.2,2.025,,,,,,,
B679,1,1,W,0,5,13/06/2018,50.5,10.9,4,0,7.9,11.8,1.493670886,,,,,,,
B1783,1,1,W,0,4,12/06/2018,89.4,12.1,4,1,12.2,28.5,2.336065574,,,,,,,
B137,1,1,W,0,5,13/06/2018,58.8,9.6,5,1,9.7,14.5,1.494845361,,,,,,,
B686,1,1,W,0,5,13/06/2018,16.9,8.7,4,0,4.7,1.8,0.382978723,,,,,,,
B1170,1,1,W,0,6,14/06/2018,58.7,8.1,5,0,6.7,7,1.044776119,,,,,,,
B1799,1,1,W,0,5,14/06/2018,50.8,7.6,5,0,6.7,8.2,1.223880597,,,,,,,
B667,1,1,W,0,6,15/06/2018,48.4,1,5,0,6.8,7.1,1.044117647,,,,,,,
B299,1,1,W,0,5,15/06/2018,41.4,7.1,4,0,7.6,13.6,1.789473684,,,,,,,
B1787,1,1,W,0,5,15/06/2018,45.9,6.8,5,1,10,10.1,1.01,,,,,,,
B285,1,1,W,0,6,15/06/2018,26.4,6.3,5,3,6.2,2.7,0.435483871,,,,,,,
B476,1,1,W,0,5,15/06/2018,29.4,7.4,4,0,5.6,4,0.714285714,,,,,,,
B1178,1,1,W,0,5,15/06/2018,34.6,6.8,5,0,5.5,4.8,0.872727273,,,,,,,
B1173,1,1,W,0,5,15/06/2018,41.6,7.2,5,0,9,5.4,0.6,,,,,,,
B1795,1,1,W,0,5,15/06/2018,36.1,6.8,5,0,7,6.4,0.914285714,,,,,,,
B1615,1,1,W,0,5,15/06/2018,56.3,8.2,6,0,12.1,9.9,0.818181818,,,,,,,
C164,0,1,W,0,5,14/06/2018,86.5,9.3,5,1,12.3,25.3,2.056910569,,,,,,,
C163,0,1,W,0,5,14/06/2018,76.9,6.7,4,0,9,21.9,2.433333333,,,,,,,
B141,1,1,W,0,8,16/06/2018,114.6,10.6,6,0,9.2,20.4,2.217391304,,,,,,,
A208,0,1,W,0,6,16/06/2018,30.1,9.3,4,2,7,6.6,0.942857143,,,,,,,
B146,1,1,W,0,6,17/06/2018,79.2,10.3,5,0,8.1,21.5,2.654320988,,,,,,,
B473,1,1,W,0,5,17/06/2018,59.6,9.6,4,0,6.5,18,2.769230769,,,,,,,
B1619,1,1,W,0,5,17/06/2018,27.1,10.2,4,0,5.1,2.5,0.490196078,,,,,,,
B1965,1,1,W,0,4,17/06/2018,38.5,9.9,5,0,5.9,0.6,0.101694915,,,,,,,
B675,1,1,W,0,5,18/06/2018,40,9.6,4,0,6,9.6,1.6,,,,,,,
B1913,1,1,W,0,4,18/06/2018,72.9,11.1,5,0,10.3,17.9,1.737864078,,,,,,,
B1791,1,1,W,0,4,19/06/2018,71.1,11,5,1,10.7,21.3,1.990654206,,,,,,,
B272,1,1,W,0,6,18/06/2018,48.3,9.3,4,0,6.7,7.4,1.104477612,,,,,,,
B1788,1,1,W,0,6,18/06/2018,82.6,10.8,5,1,10,21,2.1,,,,,,,
B1789,1,1,W,0,6,18/06/2018,103.9,11.6,5,2,10,19.9,1.99,,,,,,,
B297,1,1,W,0,6,18/06/2018,66.2,10.2,4,0,7.5,20.2,2.693333333,,,,,,,
B676,1,1,W,0,5,18/06/2018,78.4,10.8,4,0,9.2,24.9,2.706521739,,,,,,,
B477,1,1,W,0,5,19/06/2018,57.7,9.3,4,0,7.8,21.9,2.807692308,,,,,,,
B139,1,1,W,0,6,19/06/2018,58.7,11.3,4,0,7.5,17.6,2.346666667,,,,,,,
B677,1,1,W,0,5,20/06/2018,54.7,9.2,4,0,7.5,15.8,2.106666667,,,,,,,
A1064,0,0,W,1,7,19/06/2018,47.1,5.4,2,0,3.6,7.3,2.027777778,,,,,,,
B1232,1,1,W,0,5,19/06/2018,15.8,7.7,5,0,6.2,2.1,0.338709677,,,,,,,
B685,1,1,W,0,5,20/06/2018,38.8,8.4,3,0,6.7,8.4,1.253731343,,,,,,,
B474,1,1,W,0,5,19/06/2018,56.3,10.4,5,1,7.7,16.9,2.194805195,,,,,,,
B1792,1,1,W,0,5,20/06/2018,66.2,10.1,5,1,10.3,17.6,1.708737864,,,,,,,
B149,1,1,W,0,6,20/06/2018,52.5,10.2,4,0,7.4,13.5,1.824324324,,,,,,,
B471,1,1,W,0,5,20/06/2018,47.7,10.2,3,0,6.5,13.8,2.123076923,,,,,,,
A1125,0,0,W,0,6,20/06/2018,51,4.8,3,2,5.3,11.4,2.150943396,,,,,,,
B466,1,1,W,0,6,20/06/2018,40.3,9.1,5,0,5.9,6.6,1.118644068,,,,,,,
B1617,1,1,W,0,5,20/06/2018,53.9,9.3,5,0,8.8,13.4,1.522727273,,,,,,,
A1443,0,1,W,0,5,20/06/2018,15.3,8.4,3,0,5.9,1.6,0.271186441,,,,,,,
A443,1,1,W,0,6,20/06/2018,18,8.5,4,0,6.2,2.5,0.403225806,,,,,,,
B300,1,1,W,0,5,20/06/2018,53.9,9.9,4,0,6.7,17.5,2.611940299,,,,,,,
B302,1,1,W,0,5,20/06/2018,56.8,10.9,4,0,7.2,16.4,2.277777778,,,,,,,
B465,1,1,W,0,5,20/06/2018,22.2,9.3,4,0,5.7,3.9,0.684210526,,,,,,,
B1798,1,1,W,0,5,19/06/2018,40.2,9.6,4,0,7.3,10.1,1.383561644,,,,,,,
B303,1,1,W,0,5,19/06/2018,19.2,9.3,4,0,4.2,2.5,0.595238095,,,,,,,
B1785,1,1,W,0,4,18/06/2018,46.7,10.3,4,2,10.6,9.7,0.91509434,,,,,,,
A915,0,1,W,0,5,19/06/2018,15.1,7.7,3,2,5.4,2.6,0.481481481,,,,,,,
B1620,1,1,W,0,5,19/06/2018,39.8,7.3,6,0,6.5,4.8,0.738461538,,,,,,,
B1174,1,1,W,0,5,20/06/2018,40.9,8.6,4,0,7.1,8.1,1.14084507,,,,,,,
B1177,1,1,W,0,5,22/06/2018,34,8.2,4,0,6.2,7.3,1.177419355,,,,,,,
B457,1,1,W,0,6,21/06/2018,16.4,7.2,4,0,5.5,1,0.181818182,,,,,,,
B1801,1,1,W,0,6,21/06/2018,67.2,10,5,0,7.6,7.9,1.039473684,,,,,,,
A72,1,1,W,0,8,21/06/2018,27.9,8.1,5,3,7.8,4,0.512820513,,,,,,,
B145,1,1,W,0,6,21/06/2018,50.5,6.8,5,0,8.4,11.9,0.476190476,,,,,,,
B283,1,1,W,0,7,21/06/2018,34.7,9,4,3,6.7,3.8,1.776119403,,,,,,,
A239,0,0,V,1,7,21/06/2018,10.9,5.1,3,2,5.1,8,0.745098039,,,,,,,
A1480,0,0,W,1,4,17/06/2018,46.3,4.6,3,0,5.6,12.9,1.428571429,,,,,,,
B160,1,1,W,0,6,22/06/2018,53.9,10.1,4,1,7.3,9.1,1.767123288,,,,,,,
B671,1,1,W,0,5,20/06/2018,31,7.4,3,0,5.4,6,1.685185185,,,,,,,
B475,1,1,W,0,6,21/06/2018,41.7,7.7,4,0,7.1,7.8,0.845070423,,,,,,,
B1914,1,1,W,0,5,21/06/2018,64.1,9.6,5,1,11.8,14.2,0.661016949,,,,,,,
A110,0,0,V,1,6,21/06/2018,24,4.6,2,0,3.4,4.1,4.176470588,,,,,,,
A440,0,1,W,0,7,21/06/2018,30.9,8.9,5,5,9.1,3.8,0.450549451,,,,,,,
A1527,0,0,V,0,4,20/06/2018,16.3,4.4,2,0,4,3,0.75,,,,,,,
B1793,1,1,W,0,5,21/06/2018,46.6,8.1,4,0,7.6,11.3,1.486842105,,,,,,,
B1167,1,1,W,0,5,20/06/2018,47,9.2,3,0,7.3,10.8,1.479452055,,,,,,,
B1176,1,1,W,0,5,22/06/2018,20.9,6.5,3,0,5.7,2.6,#REF!,,,,,,,
B307,1,1,W,0,5,22/06/2018,34.7,7,4,0,6.6,4.4,0.666666667,,,,,,,
C1813,0,1,W,0,4,20/06/2018,52.7,9.7,5,0,8.6,17.6,2.046511628,,,,,,,
C1264,0,1,W,0,6,21/06/2018,85.7,8.4,7,1,9.4,14,1.489361702,,,,,,,
C165,0,1,W,0,5,22/06/2018,68.6,9.8,4,1,8.9,12.3,1.382022472,,,,,,,
C167,0,1,W,0,6,21/06/2018,57.6,8.2,4,0,6.2,9.3,1.5,,,,,,,Damaged leaf
C318,0,1,W,0,5,20/06/2018,62,9.5,5,0,10,15,1.5,,,,,,,
C1263,0,1,W,0,4,21/06/2018,92.8,10.4,4,0,9.5,33.3,3.505263158,,,,,,,
C487,0,1,W,0,4,21/06/2018,47.5,9.6,4,0,9.2,10.6,1.152173913,,,,,,,
C479,0,1,W,0,5,21/06/2018,104.4,10,5,0,3.7,25.7,6.945945946,,,,,,,
C488,0,1,W,0,4,20/06/2018,74.8,10.2,4,0,8.1,25.1,3.098765432,,,,,,,
C166,0,1,W,0,5,21/06/2018,66.9,10.7,4,1,10.1,16.3,1.613861386,,,,,,,
C175,0,1,W,0,5,22/06/2018,44,8.9,4,0,7.8,8.2,1.051282051,,,,,,,
A621,0,0,W,1,6,23/06/2018,33.4,4.6,2,0,4.1,7,1.707317073,5,,,,,,
A1017,0,1,W,0,6,23/06/2018,14.8,7.8,3,0,5.3,1,0.188679245,,,,,,,
A82,1,1,W,0,7,23/06/2018,16,6.3,4,0,6.2,1,0.161290323,,,,,,,
A228,0,0,W,1,6,23/06/2018,27,4.8,3,0,3.5,3.5,1,,,,,,,
B161,1,1,W,0,6,23/06/2018,51,7.4,4,0,6.5,9.2,1.415384615,,,,,,,
B138,1,1,W,0,5,23/06/2018,32.1,6.9,4,0,5.9,9.1,1.542372881,,,,,,,
B1228,1,1,W,0,6,23/06/2018,14.5,7.3,5,0,5.4,1.2,0.222222222,,,,,,,
B678,1,1,W,0,5,23/06/2018,28.7,5.4,4,0,6.2,5,0.806451613,,,,,,,
B463,1,1,W,0,7,26/06/2018,51,10.2,3,0,7.5,10.2,1.36,,,,,,,
A242,0,0,W,1,6,26/06/2018,20,4.8,3,0,2.8,3.8,1.357142857,,,,,,,
B271,1,1,W,1,6,26/06/2018,34.5,8.9,4,0,4.5,7.4,1.644444444,,,,,,,
A619,0,0,W,1,8,26/06/2018,25.4,3.7,2,0,2.6,2.4,0.923076923,7,,,,,,
A113,0,0,W,1,7,26/06/2018,38.9,5.3,2,0,3.2,6.5,2.03125,,,,,,,
A1055,0,0,V,1,7,26/06/2018,45.3,6.7,2,4,3.8,5.8,1.526315789,,,,,,,
A224,0,0,W,1,8,26/06/2018,47.4,4.9,2,1,4.3,11.5,2.674418605,,,,,,,
B462,1,1,W,0,6,26/06/2018,22.5,6.8,5,0,6.6,2.6,0.393939394,,,,,,,
B142,1,1,W,0,6,26/06/2018,52.8,7,4,0,7.9,12.5,1.582278481,,,,,,,
A957,0,1,W,0,5,26/06/2018,16.1,6.8,3,0,5.7,0.6,0.105263158,,,,,,,
A1112,0,0,W,1,6,26/06/2018,NA,4.7,NA,0,NA,NA,NA,,,,,,,
A102,0,0,V,1,6,26/06/2018,36.4,4.6,3,0,3.7,5.9,1.594594595,,,,,,,
B1244,1,1,W,0,6,27/06/2018,29.7,7.3,4,0,6.1,5.4,0.885245902,,,,,,,
B1587,1,1,W,0,7,28/06/2018,28.4,7.7,5,0,7.2,2.3,0.319444444,,,,,,,
A200,0,1,W,0,7,27/06/2018,26.9,8.1,5,3,7.9,4.8,0.607594937,,,,,,,
B152,1,1,W,0,7,27/06/2018,36.9,7.9,3,0,5.3,6.8,1.283018868,,,,,,,
A1015,1,1,W,0,7,27/06/2018,22.8,6.9,4,1,6.4,2,0.3125,,,,,,,
B1175,1,1,W,0,6,27/06/2018,29.6,7.3,4,0,4.1,4.3,1.048780488,,,,,,,
A202,1,1,W,0,7,27/06/2018,14,8.1,4,0,4.4,1,0.227272727,,,,,,,
B469,1,1,W,0,5,27/06/2018,36.2,7.9,4,0,5.3,7.4,1.396226415,,,,,,,
B1222,1,1,W,0,8,27/06/2018,26.9,6.6,5,0,6,3,0.5,,,,,,,
A551,0,1,W,0,6,27/06/2018,13,6.9,4,1,5.5,1.4,0.254545455,,,,,,,
A1565,0,0,W,1,6,27/06/2018,16.5,5,2,0,2.8,2.5,0.892857143,,,,,,,
A623,0,0,W,1,8,27/06/2018,18,4.8,2,0,2.1,1.1,0.523809524,,,,,,,
A620,0,0,V,1,7,27/06/2018,60.3,5.9,3,4,4.9,9.6,1.959183673,,,,,,,
B134,1,1,W,0,5,27/06/2018,25.2,6.9,3,0,4.3,5.9,1.372093023,,,,,,,
A1042,1,0,V,0,6,27/06/2018,8.8,4.3,2,0,1.9,0.5,0.263157895,,,,,,,
A223,1,1,NA,0,7,27/06/2018,21.5,7.2,4,0,5,1.3,0.26,,,,,,,Check fl
A234,0,0,NA,1,6,27/06/2018,27.9,5.7,3,0,3.6,6.5,1.805555556,,,,,,,Check fl
B1931,1,1,W,0,7,27/06/2018,50.7,8.8,5,5,10.5,5,0.476190476,,,,,,,
A1158,0,0,NA,1,7,27/06/2018,50.3,4.7,3,0,4.4,7.3,1.659090909,,,,,,,
A502,0,1,W,0,8,27/06/2018,74.4,6.7,5,3,9.8,13.6,1.387755102,,,,,,,
A428,0,1,NA,0,7,27/06/2018,19.1,8.1,3,4,5.8,1.4,0.24137931,,,,,,,
A1072,0,0,W,1,8,27/06/2018,39.9,5.5,3,0,3.1,3.8,1.225806452,,,,,,,
A1386,0,1,W,0,6,27/06/2018,16.3,8.4,3,4,6,1.7,0.283333333,,,,,,,
B274,1,1,NA,0,5,27/06/2018,30.3,10.1,4,0,5.9,6,1.016949153,,,,,,,
A256,0,0,NA,1,6,28/06/2018,22.5,4.1,2,0,4.1,6.2,1.512195122,,,,,,,
B1183,1,1,NA,0,5,27/06/2018,14.2,5,2,0,2.9,2.2,0.75862069,,,,,,,
B1194,1,1,NA,0,6,27/06/2018,12.9,4.5,3,0,2.6,1,0.384615385,,,,,,,
A235,0,0,NA,1,5,27/06/2018,9,4.5,2,0,2.2,1.2,0.545454545,,,,,,,
B133,1,1,W,0,7,29/06/2018,48.5,7.7,4,0,6.7,6.9,1.029850746,,,,,,,
B1260,1,1,W,0,6,29/06/2018,32.2,7.4,4,0,6.5,5.1,0.784615385,,,,,,,
B1962,1,1,W,0,4,29/06/2018,37.4,9.5,3,0,6.2,7.4,1.193548387,,,,,,,
B1229,1,1,W,0,7,29/06/2018,24.8,8.2,5,0,5.1,2,0.392156863,,,,,,,
A203,0,1,W,0,8,29/06/2018,28.1,8.7,4,0,4.9,2,0.408163265,,,,,,,
B464,1,1,W,0,6,29/06/2018,22.3,8.7,4,0,4.9,3.8,0.775510204,,,,,,,
B1916,1,1,W,0,6,29/06/2018,44.6,8.5,4,0,7.1,8.1,1.14084507,,,,,,,
B1585,1,1,W,0,6,29/06/2018,13.8,7.2,4,0,5.4,1,0.185185185,,,,,,,
A196,0,1,W,0,7,29/06/2018,17.2,7.5,3,1,6.2,1.5,0.241935484,,,,,,,
A1030,0,0,W,1,5,29/06/2018,13.5,5.5,2,1,3.9,1.8,0.461538462,,,,,,,
B155,1,1,W,0,7,29/06/2018,30.4,8.4,4,0,4.8,2.5,0.520833333,,,,,,,
A782,0,1,W,0,8,29/06/2018,49.9,6,5,1,7.7,7.7,1,,,,,,,
B1920,1,1,W,0,6,29/06/2018,43.5,9.7,4,0,6.4,11.3,1.765625,,,,,,,
B1621,1,1,W,0,7,26/06/2018,29.1,9.2,4,0,5.1,5.3,1.039215686,,,,,,,
A69,0,1,W,0,7,26/06/2018,33.4,9.3,5,1,8.5,6.5,0.764705882,,,,,,,
A84,1,1,W,0,8,25/06/2018,45.5,8,5,6,7,6.6,0.942857143,,,,,,,
A450,0,0,V,1,7,25/06/2018,75.6,7,3,3,4.6,13.1,2.847826087,,,,,,,
B1171,1,1,W,0,6,25/06/2018,68.8,10.6,5,0,6.7,17.5,2.611940299,,,,,,,
A634,0,0,V,1,7,28/06/2018,44.5,5.7,2,0,3.2,7.6,2.375,,,,,,,
A1482,0,0,V,1,8,28/06/2018,68.5,5.9,3,2,4.3,10.4,2.418604651,,,,,,,
A618,0,0,W,0,12,29/06/2018,70.6,5.6,3,4,4.6,10.3,2.239130435,7,,,,,,
B1963,1,1,W,0,5,25/06/2018,79.2,10.2,5,1,8.1,25.3,3.12345679,,,,,,,
B1616,1,1,W,0,6,27/06/2018,82.2,10.3,5,0,7.9,27.2,3.443037975,,,,,,,
B304,1,1,W,0,6,29/06/2018,44.2,10.4,3,0,6.6,10.5,1.590909091,,,,,,,
B1600,1,1,W,0,7,27/06/2018,35.1,9.5,5,2,6.7,5.6,0.835820896,,,,,,,
B143,1,1,W,0,7,25/06/2018,86.6,10.9,4,0,8.9,28.4,3.191011236,,,,,,,
B478,1,1,W,0,7,27/06/2018,62.5,9.4,4,0,8.9,15.9,1.786516854,,,,,,,
B150,1,1,W,0,6,25/06/2018,53.9,9.3,4,0,6.7,15.8,2.358208955,,,,,,,
B1169,1,1,W,0,5,28/06/2018,49.7,9.6,5,0,7.2,7.6,1.055555556,,,,,,,
B1912,1,1,W,0,6,29/06/2018,47.3,8.2,5,1,9,10.6,1.177777778,,,,,,,
A1005,0,1,W,0,8,29/06/2018,29,8.9,4,2,7.8,3.7,0.474358974,,,,,,,
A207,1,1,W,0,9,30/06/2018,28.1,7.4,4,6,7.7,2.1,0.272727273,,,,,,,
A105,0,0,W,1,7,30/06/2018,11.5,3.8,2,0,1.9,1.1,0.578947368,,,,,,,
A944,1,1,W,0,8,30/06/2018,18.8,6.6,4,1,5.8,1.3,0.224137931,,,,,,,OVU = PLA
A1093,0,0,V,1,8,30/06/2018,32.2,4.6,3,0,3.2,3.5,1.09375,,,,,,,
A596,0,1,W,0,7,30/06/2018,13.6,6.9,3,1,5.2,0.8,0.153846154,,,,,,,
A1085,0,0,W,1,10,02/07/2018,76.4,5.7,4,7,6.2,8.5,1.370967742,,,,,,,
A921,0,1,W,0,7,02/07/2018,32.9,9,4,5,9,6.4,0.711111111,,,,,,,
A1975,0,1,W,0,7,03/07/2018,53,6.6,4,3,9.7,10.9,1.12371134,,,,,,,
A1651,0,1,W,0,7,03/07/2018,14.5,7,3,1,4.7,1.1,0.234042553,,,,,,,
B291,1,1,W,0,7,02/07/2018,30.6,9.1,5,0,5.7,5.3,0.929824561,,,,,,,
B1594,1,1,W,0,6,02/07/2018,43.1,9.3,3,0,5.6,11.7,2.089285714,,,,,,,
A1019,0,1,W,0,8,02/07/2018,47.2,8.9,5,7,6.7,5.7,0.850746269,,,,,,,
A1477,0,1,W,1,6,02/07/2019,26.7,5.2,3,0,3.2,5.6,1.75,,,,,,,
B1935,1,0,W,0,6,03/07/2018,13.3,6.5,2,0,3.4,0.9,0.264705882,,,,,,,
A593,0,1,W,0,8,03/07/2018,21.5,8.4,5,2,7,2,0.285714286,,,,,,,
A423,0,1,W,0,8,03/07/2018,26.2,8.2,3,3,5.8,5.3,0.913793103,,,,,,,
A521,1,1,W,1,8,01/07/2018,59.6,6.2,5,1,8.7,10.3,1.183908046,,,,,,,
A26,0,1,W,1,9,02/07/2018,64.2,6.5,5,0,6.8,6,0.882352941,,,,,,,
B269,1,1,W,0,8,03/07/2018,53.5,8.9,4,0,5.1,9.6,1.882352941,,,,,,,
A1124,0,0,W,1,8,03/07/2018,29.1,4.8,2,0,3.3,5.9,1.787878788,,,,,,,
A75,0,1,W,0,7,02/07/2018,23.4,8.9,4,3,6.4,2.1,0.328125,,,,,,,
B275,1,1,W,0,8,02/07/2018,20.7,7.6,4,2,4.3,2.7,0.627906977,,,,,,,
B1250,1,1,W,0,7,04/07/2018,29.9,9.2,4,0,4.6,3.7,0.804347826,,,,,,,
B312,1,1,W,0,6,04/07/2018,18.8,9.1,3,0,4.4,4.5,1.022727273,,,,,,,
A546,0,1,W,0,7,03/07/2018,17.4,7.9,4,0,6.8,1.6,0.235294118,,,,,,,
B309,1,0,W,0,6,02/07/2018,17.1,5.3,3,0,3.8,2.5,0.657894737,,,,,,,
A602,0,1,W,1,7,04/07/2018,14.7,3.8,1,0,2.2,3.6,1.636363636,,,,,,,
A1642,0,0,W,0,8,04/07/2018,30,6.3,4,3,6.8,3.4,0.5,,,,,,,
A1052,0,0,V,1,8,04/07/2018,26.1,4.9,2,0,2.3,2,0.869565217,,,,,,,
A1662,0,0,V,1,5,03/07/2018,13.8,5.8,2,0,2.6,2.6,1,,,,,,,
A107,0,1,W,1,5,02/07/2018,8,3.4,1,0,2,1.5,0.75,,,,,,,
B1802,1,1,W,0,8,04/07/2018,42.3,6.5,4,0,5.3,2.2,0.41509434,,,,,,,
B154,1,1,W,0,6,02/07/2018,43.4,9.2,3,0,4.3,7.6,1.76744186,,,,,,,
B1610,1,1,W,0,6,04/07/2018,21.6,6.2,2,0,3.3,5.5,1.666666667,,,,,,,
B2015,1,1,W,0,6,03/07/2018,67.9,11.8,4,1,9.3,17.7,1.903225806,,,,,,,
B1208,1,1,W,0,7,04/07/2018,22,8.3,4,2,6.1,3.1,0.508196721,,,,,,,
A548,0,1,W,0,7,03/07/2018,28.4,7.2,4,1,6,7.6,1.266666667,,,,,,,
B1209,1,1,W,0,7,04/07/2018,35.1,9.2,4,4,7.3,5.5,0.753424658,,,,,,,
A1486,0,0,W,1,5,02/07/2018,34.6,5.2,3,2,4.4,8.9,2.022727273,,,,,,,
B293,1,1,W,0,8,04/07/2018,25,7.9,4,2,5.3,3.8,0.716981132,,,,,,,
B458,1,1,W,0,7,04/07/2018,13.8,7.5,3,0,4,1.6,0.4,,,,,,,
B1255,1,1,W,0,6,02/07/2018,29.7,8,4,0,5.2,3.8,0.730769231,,,,,,,
A1045,0,0,V,1,7,05/07/2018,36.2,5.7,3,1,4,7.2,1.8,,,,,,,
A1569,0,0,W,1,5,05/07/2018,13,4.6,2,0,3.1,2.7,0.870967742,,,,,,,
A1074,0,0,W,1,7,05/07/2018,17.3,4.6,2,0,2.4,1.9,0.791666667,,,,,,,
A1006,0,1,W,0,8,05/07/2018,20.9,7.3,3,3,6.4,1.9,0.296875,,,,,,,
A597,0,1,W,0,8,05/07/2018,18.7,7.1,4,1,6,2,0.333333333,,,,,,,
A1855,0,1,W,0,8,05/07/2018,24.5,6,4,2,7.5,3.7,0.493333333,,,,,,,
B1205,1,1,W,0,7,05/07/2018,19.4,6.2,4,5,5.1,3.2,0.62745098,,,,,,,
A916,0,1,W,0,7,05/07/2018,21.2,7.8,4,1,7.4,2.1,0.283783784,,,,,,,
A375,0,1,W,0,9,05/07/2018,82.6,5.9,6,6,13,1.6,0.123076923,,,,,,,
A1548,0,0,W,1,6,06/07/2018,33.2,3.8,2,3,4,6.5,1.625,,,,,,,
A1715,0,0,W,1,6,06/07/2018,45.5,4.4,2,0,3.6,9.9,2.75,,,,,,,
A1564,0,0,W,1,5,06/07/2018,28.8,4.7,2,0,3.9,9.5,2.435897436,,,,,,,
A1113,0,0,V,0,5,06/07/2018,29.3,4.1,2,0,2.9,11.8,4.068965517,,,,,,,
A1498,0,0,W,1,8,06/07/2018,48.2,4.6,2,0,3.2,6.6,2.0625,,,,,,,
A1150,0,0,W,1,8,06/07/2018,24.5,3.8,2,0,2.8,6.5,2.321428571,,,,,,,
A505,1,1,W,1,8,06/07/2018,45.6,4.5,4,0,5.6,10.1,1.803571429,,,,,,,
B1247,1,1,W,1,8,06/07/2018,55.5,9.7,4,0,7.3,14,1.917808219,,,,,,,
B1586,1,1,W,0,7,06/07/2018,17,7.7,4,0,5.2,3.3,0.634615385,,,,,,,
A212,0,1,W,0,10,06/07/2018,16.5,7.6,3,1,4.3,2,0.465116279,,,,,,,
A1529,0,0,W,1,7,06/07/2018,22.3,4.2,2,0,3.1,7.1,2.290322581,,,,,,,
A1675,0,0,W,1,6,06/07/2018,20.5,3.6,2,0,3.6,6,1.666666667,,,,,,,
A1562,1,0,W,1,5,06/07/2018,7.8,2.9,2,0,2.9,0.7,0.24137931,,,,,,,
A58,0,1,W,0,9,07/07/2018,24.7,9.3,3,6,6.3,4.6,0.73015873,,,,,,,
A230,0,0,V,1,8,06/07/2018,24.8,5.4,2,0,2.6,5.2,2,,,,,,,
C316,0,1,W,0,6,26/06/2018,99.3,10.9,5,0,9.3,26.4,2.838709677,,,,,,,
C320,0,1,W,0,5,29/06/2018,76.3,9.7,4,0,6,21.5,3.583333333,,,,,,,
C314,0,1,W,0,5,29/06/2018,67,9.4,3,0,6.2,17.3,2.790322581,,,,,,,
C485,0,1,W,0,7,27/06/2018,48.4,8.2,5,0,6.2,6.1,0.983870968,,,,,,,
C1822,0,1,W,0,7,28/06/2018,116.3,12.4,5,0,11.2,29,2.589285714,,,,,,,
C1812,0,1,W,0,6,28/06/2018,150.2,10.9,5,3,10.5,34.7,3.304761905,,,,,,,
C486,0,1,W,0,7,28/06/2018,129.9,8.2,5,0,9.9,25.6,2.585858586,,,,,,,
C1923,0,1,W,0,6,26/06/2018,85,8.5,5,0,10.1,23.6,2.336633663,,,,,,,Leaf +1
C313,0,1,W,0,5,28/06/2018,72,9.8,4,0,7,20.3,2.9,,,,,,,
C1805,0,1,W,0,5,28/06/2018,125.3,10.8,4,0,10.2,41.6,4.078431373,,,,,,,
C321,0,1,W,0,6,27/06/2018,108.7,9.9,5,0,8.9,22.6,2.539325843,,,,,,,
C1925,0,1,W,0,3,27/06/2018,89.1,9.8,3,0,8.8,19.1,2.170454545,,,,,,,
C1627,0,1,W,0,5,27/06/2018,153.7,114,4,0,12.9,35.1,2.720930233,,,,,,,
C319,0,1,W,0,5,28/06/2018,82.2,8.8,4,0,7.8,30,3.846153846,,,,,,,
C1820,0,1,W,0,5,27/06/2018,123.8,11,5,2,12.3,30.7,2.495934959,,,,,,,
C1927,0,1,W,0,4,26/06/2018,136,10,4,0,11.7,30.7,2.623931624,,,,,,,
C1267,0,1,W,0,5,29/06/2018,82.1,10.2,5,0,6.3,18,2.857142857,,,,,,,
C1824,0,1,W,0,6,28/06/2018,141.8,12,6,2,9.7,30.3,3.12371134,,,,,,,
C1818,0,1,W,0,5,23/06/2018,121.7,12,5,1,9.9,28.5,2.878787879,,,,,,,
C315,0,1,W,0,4,27/06/2018,105.4,11.4,4,0,8.7,22.2,2.551724138,,,,,,,
C1821,0,1,W,0,5,29/06/2018,76.1,9.3,4,0,7.5,22.1,2.946666667,,,,,,,
C1261,0,1,W,0,4,25/06/2018,112,10.2,4,0,7.6,26.7,3.513157895,,,,,,,
C1811,0,1,W,0,5,27/06/2018,174.7,11.2,4,2,11.5,34.4,2.991304348,,,,,,,
C1819,0,1,W,0,6,27/06/2018,128.2,10.8,5,1,10,30.2,3.02,,,,,,,Lf length +1
C1817,0,1,W,0,4,27/06/2018,95.7,9.8,4,0,9.2,28.6,3.108695652,,,,,,,lf length +1
C1825,0,1,W,0,4,28/06/2018,89.9,10.1,4,0,8.5,26.4,3.105882353,,,,,,,
C1265,0,1,W,0,5,26/06/2018,107.4,9.6,4,1,9,27.6,3.066666667,,,,,,,
C162,0,1,W,0,5,29/06/2018,73.6,9.8,4,0,7,21.7,3.1,,,,,,,
C482,0,1,W,0,5,28/06/2018,54.5,10,4,0,5.3,12.1,2.283018868,,,,,,,
C1266,0,1,W,0,6,29/06/2018,86,10.4,4,0,7.2,24.7,3.430555556,,,,,,,
C173,0,1,W,0,5,28/06/2018,96.3,10.2,4,0,7.7,24.3,3.155844156,,,,,,,
C1823,0,1,W,0,4,25/06/2018,144.9,11.2,5,1,9.4,36.1,3.840425532,,,,,,,
C484,0,1,W,0,6,24/06/2018,128.8,10.9,5,0,8,26.4,3.3,,,,,,,
C1809,0,1,W,0,5,28/06/2018,90.6,10.6,3,1,7.8,32.2,4.128205128,,,,,,,
C172,0,1,W,0,4,29/06/2018,82.3,9.7,3,0,7.1,21.1,2.971830986,,,,,,,
C1810,0,1,W,0,6,27/06/2018,167.2,11.3,5,2,11.9,41.7,3.504201681,,,,,,,
C481,0,1,W,0,5,29/06/2018,64,10,4,0,7.6,21,2.763157895,,,,,,,
C483,0,1,W,0,5,28/06/2018,84.2,10.1,5,1,7.9,29.7,3.759493671,,,,,,,
C1808,0,1,W,0,4,28/06/2018,70.8,9.2,4,0,7.2,20,2.777777778,,,,,,,
C690,0,1,W,0,6,28/06/2018,94.3,9.1,4,0,7,27.1,3.871428571,,,,,,,
C171,0,1,W,0,4,29/06/2018,62,8.7,3,0,5.6,18.5,3.303571429,,,,,,,
C169,0,1,W,0,5,26/06/2018,94.4,9.1,3,0,9.2,21.5,2.336956522,,,,,,,
C170,0,1,W,0,4,25/06/2018,102.4,10.6,3,0,9,28.8,3.2,,,,,,,Leaf length +1
C322,0,1,W,0,5,02/07/2018,37.3,8.6,4,0,6.5,13.4,2.061538462,,,,,,,
C1926,0,1,W,0,5,02/07/2018,80.5,9.2,5,0,8.9,25.7,2.887640449,,,,,,,
C1815,0,1,W,0,5,03/07/2018,46.3,9.5,4,0,6.3,9.9,1.571428571,,,,,,,
C480,0,1,W,0,6,01/07/2018,88.6,9.2,4,0,7.9,24.2,3.063291139,,,,,,,
C1816,0,1,W,0,5,04/07/2018,44.9,10.1,4,0,7.6,12.9,1.697368421,,,,,,,
C168,0,1,W,0,5,05/07/2018,30.6,7.1,3,0,4.5,7.1,1.577777778,,,,,,,
C1807,0,1,W,0,5,03/07/2018,75.4,11.3,4,0,7.6,22.7,2.986842105,,,,,,,
C1268,0,1,W,0,5,04/07/2018,35.5,9.4,4,0,5.6,6,1.071428571,,,,,,,
C1921,0,1,W,0,5,04/07/2018,66.6,7.7,5,1,9.2,14.4,1.565217391,,,,,,,
C1924,0,1,W,0,7,03/07/2018,100.8,7.5,6,3,11.8,14,1.186440678,,,,,,,
C687,0,1,W,0,6,05/07/2018,53.6,7.5,4,0,5.3,10.8,2.037735849,,,,,,,
B1593,1,1,W,0,7,08/07/2018,39.9,9.6,4,0,4.5,6.7,1.488888889,,,,,,,
B130,1,1,W,0,7,07/07/2018,55.6,9,4,1,6.6,13.4,2.03030303,,,,,,,
A1451,0,0,V,1,8,07/07/2018,46.5,4.7,2,0,2.9,6.9,2.379310345,,,,,,,
B1918,1,1,W,0,6,10/07/2018,26.8,5.7,4,0,4.6,2.4,0.52173913,,,,,,,
A1049,0,0,V,1,7,10/07/2018,23.9,4.4,2,0,1.9,3.3,1.736842105,,,,,,,
B1219,1,1,W,0,8,09/07/2018,22.4,8.4,3,0,5.3,2.9,0.547169811,,,,,,,
B2010,1,1,W,0,5,09/07/2018,15,6.9,2,1,3.9,1.8,0.461538462,,,,,,,
A562,0,1,W,0,8,08/07/2018,22.4,8.9,4,2,6.8,1.9,0.279411765,,,,,,,
A372,0,1,W,0,10,09/07/2018,76.5,6.8,6,3,10.4,10.8,1.038461538,,,,,,,
A946,0,1,W,0,6,09/07/2018,16.3,7.7,4,0,4.8,1.2,0.25,,,,,,,
A1010,1,1,W,0,7,09/07/2018,15.6,8.8,3,3,5,1.1,0.22,,,,,,,
A917,0,1,W,0,9,09/07/2018,20.3,9,4,3,6,1.2,0.2,,,,,,,
A1056,0,1,V,1,6,09/07/2018,28.9,5.5,2,1,3.7,6.8,1.837837838,,,,,,,
A1850,0,1,W,0,9,09/07/2018,31.5,9.4,4,5,8.2,5.5,0.670731707,,,,,,,
A1151,0,0,W,1,8,09/07/2018,27.5,5.4,2,0,3.3,2.7,0.818181818,,,,,,,
A83,1,1,W,0,7,08/07/2018,13.3,8.4,3,0,4.9,1.2,0.244897959,,,,,,,
B649,1,1,W,0,7,08/07/2018,44.6,9.3,3,4,6,7.7,1.283333333,6,,,,,,
A1342,0,1,V,1,8,09/07/2018,45.3,7.5,4,0,5.2,6.1,1.173076923,,,,,,,
A627,0,0,V,1,7,08/07/2018,33.7,5.8,2,0,2.7,6.8,2.518518519,,,,,,,
A1549,0,0,W,1,6,06/07/2018,37.1,4.9,2,1,4.6,11.3,2.456521739,,,,,,,
B273,1,1,W,0,9,09/07/2018,55,10.5,3,0,4.6,12.4,2.695652174,,,,,,,
A1441,0,1,W,0,8,06/07/2018,26.5,8.2,4,4,7.7,3.2,0.415584416,,,,,,,
A1920,0,1,W,1,7,06/07/2018,17.8,8.6,4,1,6.2,1.1,0.177419355,,,,,,,
A225,0,0,V,1,10,06/07/2018,89.8,6.3,3,4,3.6,15.7,4.361111111,,,,,,,
B1188,1,1,W,0,6,10/07/2018,17.8,6.9,3,0,3,2.6,0.866666667,,,,,,,
A1553,0,0,W,1,6,10/07/2018,18.2,5.1,2,0,2.3,4.3,1.869565217,,,,,,,
B465,1,1,W,0,9,10/07/2018,36.1,8.3,3,0,4.7,6.3,1.340425532,,,,,,,
A1449,0,1,W,0,6,10/07/2018,11.2,6.1,3,3,4.8,0.8,0.166666667,,,,,,,
B1966,1,1,W,0,5,10/07/2018,35.4,6.8,4,0,4.6,6.8,1.47826087,,,,,,,
A561,0,1,W,0,8,10/07/2018,18,6,4,0,5.6,1.2,0.214285714,,,,,,,
A1672,0,0,V,1,7,10/07/2018,40.2,5.5,3,1,5.3,8.8,1.660377358,,,,,,,
A919,0,1,W,0,7,10/07/2018,16.5,8.7,3,1,5.5,2.9,0.527272727,,,,,,,
A18,0,1,W,1,9,07/07/2018,49.2,5.8,5,0,6.3,5.9,0.936507937,,,,,,,
A19,0,1,W,1,10,07/07/2018,61.7,5.7,5,1,6.9,7.8,1.130434783,9,,,,,,
A1744,0,1,W,0,9,07/07/2018,89.2,6.4,6,5,11.5,8.7,0.756521739,,,,,,,
A391,1,1,W,1,10,06/07/2018,49.2,4.7,4,0,5,6.1,1.22,,,,,,,
A364,0,1,W,0,9,09/07/2018,58.4,6.6,6,3,9.4,9.6,1.021276596,,,,,,,
A260,0,0,V,1,8,08/07/2018,42.7,4.8,2,0,4.1,10.9,2.658536585,,,,,,,
B286,1,1,W,0,9,10/07/2018,27.8,9.5,4,2,5.1,5.2,1.019607843,,,,,,,
A1454,0,1,W,1,6,10/07/2018,35.3,5.5,2,1,4.8,9.1,1.895833333,,,,,,,
A945,0,1,W,0,8,07/07/2018,26.1,8,4,3,5.5,3.4,0.618181818,,,,,,,
A913,0,1,W,0,7,09/07/2018,21.1,9,5,1,6.7,2.9,0.432835821,,,,,,,
A1563,0,0,W,0,7,08/07/2018,50.7,5.7,3,4,5.4,8.3,1.537037037,,,,,,,
A1905,0,0,W,1,7,09/07/2018,29.3,5,2,1,4.1,5.6,1.365853659,,,,,,,
A586,0,1,W,1,8,09/07/2018,12,6.3,3,0,3.9,0.9,0.230769231,,,,,,,
A1719,0,0,W,1,7,07/07/2018,20.4,4.7,1,2,2.9,3.9,1.344827586,,,,,,,
A501,0,1,W,1,9,07/07/2018,49.5,6.2,4,2,6.1,8.7,1.426229508,,,,,,,
B294,1,1,W,0,10,10/07/2018,31.3,9.9,4,8,5.7,3.1,0.543859649,,,,,,,
A954,1,1,W,0,9,10/07/2018,29.9,9.1,3,1,4.6,3.6,0.782608696,,,,,,,
A1485,0,0,W,1,6,11/07/2018,44.3,6.3,3,2,4.4,8.8,2,,,,,,,
A1559,0,0,W,1,5,07/07/2018,16,4.9,2,0,3.8,2.6,0.684210526,,,,,,,
A810,1,1,W,1,9,08/07/2018,46.4,5.9,4,0,6.3,7.1,1.126984127,,,,,,,
A363,1,1,W,1,9,09/07/2018,45.5,6.1,5,0,7,8.4,1.2,,,,,,,
A1546,0,0,W,1,6,10/07/2018,33,5.3,2,0,4.4,10.1,2.295454545,,,,,,,
A1746,0,1,W,0,8,06/07/2018,62.9,5.4,3,1,8.1,10.4,1.283950617,,,,,,,
A1446,0,1,W,0,7,07/07/2018,24.1,8.8,4,2,7,3.5,0.5,,,,,,,
A71,0,1,W,0,8,09/07/2018,23.2,8.1,5,2,6.2,2.8,0.451612903,,,,,,,
A1390,1,1,W,0,7,09/07/2018,22.5,8.6,4,2,5.6,3.4,0.607142857,,,,,,,
A783,0,1,W,0,9,07/07/2018,55.8,6.4,5,0,7.5,5.6,0.746666667,,,,,,,
A1748,0,1,V,0,8,09/07/2018,48,6.2,4,1,7,4.8,0.685714286,,,,,,,
A20,0,1,W,1,9,09/07/2018,56,6,5,1,8.5,6.2,0.729411765,,,,,,,
A1102,0,0,V,1,6,10/07/2018,11.2,4.7,2,0,2.3,1.6,0.695652174,,,,,,,
A772,0,1,W,0,9,09/07/2018,62.4,6.2,6,1,10.4,4.5,0.432692308,,,,,,,
A780,0,1,W,0,9,10/07/2018,56.7,5.5,4,1,8.5,8,0.941176471,,,,,,,
A979,0,1,W,0,8,11/07/2018,17,6.6,3,1,5.1,1.4,0.274509804,,,,,,,
B1964,1,1,W,0,8,11/07/2018,44,7.6,5,0,4.6,1.9,0.413043478,6,,,,,,
B294,1,1,W,0,9,11/07/2018,24.1,7.8,4,2,4.7,2.3,0.489361702,,,,,,,
A390,1,1,W,0,10,11/07/2018,43.9,6.8,5,0,5.5,5.5,1,,,,,,,
A28,0,1,W,0,11,11/07/2018,87,6.8,5,5,10.3,5.9,0.572815534,,,,,,,
A431,1,1,W,0,8,11/07/2018,13.8,6.5,3,0,5.5,1.9,0.345454545,,,,,,,
A1516,0,0,W,1,5,11/07/2018,12.2,3.8,2,0,2.5,2.7,1.08,,,,,,,
A981,0,1,W,0,8,12/07/2018,19,5.9,5,0,5.4,1.2,0.222222222,,,,,,,
A1807,0,0,W,1,11,12/07/2018,72.1,5.6,4,5,4.7,5.8,1.234042553,,,,,,,
A1554,0,0,W,1,8,12/07/2018,27,5.3,2,0,4,7.4,1.85,,,,,,,
A770,0,1,W,0,10,10/07/2018,78,6.7,6,3,10.7,8.8,0.822429907,,,,,,,
A771,0,1,W,0,9,10/07/2018,81.2,6.9,5,3,10.8,9.1,0.842592593,,,,,,,
A778,0,1,W,0,10,11/07/2018,83.7,6.9,6,4,11.3,8.6,0.761061947,,,,,,,
A1302,0,1,W,0,9,11/07/2018,78.7,6.1,6,3,10,9.1,0.91,,,,,,,
A1887,0,0,V,1,7,12/07/2018,28.5,6,3,0,2.9,4.9,1.689655172,,,,,,,
B1227,1,1,W,0,8,11/07/2018,15.6,6.9,4,0,4.7,1.2,0.255319149,,,,,,,
B680,1,1,W,0,7,11/07/2018,51.6,7.3,3,0,5.9,7.1,1.203389831,,,,,,,
A1697,0,0,V,1,7,12/07/2018,26.3,5.5,2,0,3,5.1,1.7,,,,,,,
A365,0,1,W,1,10,11/07/2018,55.4,4.9,6,1,7.4,5.9,0.797297297,,,,,,,
A100,0,0,W,1,8,07/07/2018,40.5,4.9,2,0,3.1,10.7,3.451612903,,,,,,,
A563,0,1,W,0,7,11/07/2018,24.1,8.6,4,2,6.4,2.7,0.421875,,,,,,,
A1044,0,0,W,1,6,12/07/2018,41.3,5.8,2,0,2.7,6.7,2.481481481,,,,,,,
B1180,1,1,W,0,8,12/07/2018,31,7.6,3,0,4.9,7.5,1.530612245,7,,,,,,
B670,1,1,W,0,9,12/07/2018,21.9,5,3,0,3.8,2,0.526315789,,,,,,,
A1743,0,1,W,0,10,13/07/2018,93,6.5,6,4,8.9,10.8,1.213483146,,,,,,,
A762,0,1,W,0,8,14/07/2018,36.6,6,4,0,7.2,7.9,1.097222222,,,,,,,
A209,0,1,W,0,9,13/07/2018,19.4,7.6,3,0,3.8,0.9,0.236842105,,,,,,,
A377,0,1,W,0,9,13/07/2018,68.3,6.7,5,6,11.6,10.3,0.887931034,,,,,,,
A392,1,1,W,1,11,14/07/2018,44.5,5.8,5,0,5.5,3.5,0.636363636,,,,,,,
A370,0,1,W,1,10,13/07/2018,67.2,6.6,5,1,6,11.5,1.916666667,,,,,,,
A716,0,1,W,1,9,12/07/2018,43.1,6.4,5,0,6.2,6.2,1,,,,,,,
B1257,1,1,W,0,7,14/07/2018,26.5,9.7,3,0,4.7,3.3,0.70212766,,,,,,,
A91,0,0,W,1,6,14/07/2018,26.1,5.3,2,0,2.8,8.7,3.107142857,,,,,,,
A211,1,1,W,0,9,14/07/2018,14.3,8.2,3,0,5.4,1.2,0.222222222,,,,,,,
A1960,0,0,V,0,7,14/07/2018,56.1,6.5,4,3,5.6,5.6,1,,,,,,,
A447,0,0,W,1,10,15/07/2018,37.8,4.3,2,0,3.1,5.3,1.709677419,,,,,,,
A768,0,1,W,1,9,13/07/2018,47.8,6.2,5,2,7.6,7,0.921052632,,,,,,,
A1100,0,0,V,1,8,14/07/2018,15.2,5.3,1,0,1.6,1.8,1.125,,,,,,,
B1614,1,1,W,0,6,13/07/2018,33,9,3,0,5.3,8.8,1.660377358,,,,,,,
B136,1,1,W,0,8,14/07/2018,23.9,8.2,4,0,7.3,2,0.273972603,,,,,,,
B2055,1,1,W,0,7,15/07/2018,33.9,9.3,4,0,5,3.4,0.68,,,,,,,
B1234,1,1,W,0,9,13/07/2018,31.4,8.4,4,1,7.1,4,0.563380282,,,,,,,
B661,1,1,W,0,8,15/07/2018,29.7,8.9,3,0,3.9,3.3,0.846153846,,,,,,,
A1009,0,1,W,0,8,13/07/2018,17.6,7.8,4,0,5,1.9,0.38,,,,,,,
A193,0,1,W,0,11,14/07/2018,24.1,8,3,4,5.4,2.1,0.388888889,,,,,,,
A111,0,0,W,1,7,13/07/2018,38.4,4.6,3,0,4.5,14.6,3.244444444,,,,,,,
A911,0,1,W,0,7,14/07/2018,26.9,8.6,5,2,7,3.2,0.457142857,,,,,,,
A865,0,1,W,0,7,15/07/2018,13.2,5.8,2,0,4.1,1.5,0.365853659,,,,,,,
B459,1,1,W,0,8,14/07/2018,24,7.5,4,0,4.7,2.9,0.617021277,,,,,,,
A599,0,0,V,0,6,14/07/2018,7.7,3.8,1,0,1.5,0.4,0.266666667,,,,,,,
B1842,1,1,W,0,7,15/07/2018,28.6,6.3,3,0,4.8,3.2,0.666666667,,,,,,,
A922,0,1,W,0,9,14/07/2018,21,7.8,3,2,5.5,2.2,0.4,,,,,,,
A70,0,1,W,0,10,14/07/2018,35.6,7.8,4,7,8.4,6.8,0.80952381,,,,,,,
B1840,1,1,W,0,10,15/07/2018,36.3,6.4,4,2,6.2,3.2,0.516129032,,,,,,,
A773,0,1,V,0,9,14/07/2018,70.3,7.2,4,3,8.8,11.3,1.284090909,,,,,,,
A220,0,1,W,0,8,14/07/2018,24.5,7.4,4,1,6.5,3.3,0.507692308,,,,,,,
B151,1,1,W,0,7,15/07/2018,16.4,7.3,3,0,4,1.6,0.4,,,,,,,
B156,1,1,W,0,8,15/07/2018,20.6,6.2,3,0,3.5,1.8,0.514285714,,,,,,,
A775,0,1,W,1,10,16/07/2018,48.7,5.7,5,0,5.4,6.2,1.148148148,,,,,,,
A112,0,0,W,1,8,16/07/2018,23.1,5.6,2,0,2.4,7.4,3.083333333,,,,,,,
A259,0,0,W,0,7,16/07/2018,28.6,4.8,2,0,3.3,8,2.424242424,,,,,,,
A1854,0,1,W,0,8,16/07/2018,17.6,9.1,4,1,6.9,1.7,0.246376812,,,,,,,
B1230,1,1,W,0,9,16/07/2018,35.2,8.4,3,0,4.9,4.6,0.93877551,8,,,,,,
B1225,1,1,W,0,8,16/07/2018,30.1,8.9,4,0,6.6,3.8,0.575757576,,,,,,,
A765,0,1,W,1,10,16/07/2018,64.3,5.8,5,1,7.2,8.6,1.194444444,,,,,,,
A804,1,1,W,1,9,16/07/2018,45.3,5.6,4,0,5.9,7.7,1.305084746,,,,,,,
A1299,0,1,W,0,9,16/07/2018,71.9,5.7,5,2,7.7,10.5,1.363636364,,,,,,,
A532,0,1,V,1,10,17/07/2018,44,7.4,4,0,5.3,5.6,1.056603774,,,,,,,
B651,1,1,W,0,10,17/07/2018,28.1,8,4,2,4.9,3.1,0.632653061,,,,,,,
A2000,0,0,V,1,5,18/07/2018,15.5,5.4,2,0,1.9,3.4,1.789473684,,,,,,,
A1077,0,0,V,1,8,18/07/2018,32.3,5.2,2,0,1.7,3.5,2.058823529,7,,,,,,
A1452,0,0,W,1,7,18/07/2018,51.3,5.8,3,0,4.6,12.6,2.739130435,,,,,,,
A953,1,1,W,0,8,18/07/2018,18.2,6.3,4,0,5,2.3,0.46,,,,,,,
B672,1,1,W,0,9,18/07/2018,37.7,6.8,4,0,5.7,6,1.052631579,,,,,,,
B311,1,1,W,0,9,18/07/2018,30,6.9,3,0,3.6,1.6,0.444444444,,,,,,,
B673,1,1,W,0,10,17/07/2018,64.3,8.4,3,0,4.6,3.9,0.847826087,,,,,,,
A869,0,1,W,0,8,17/07/2018,31.1,7.3,3,2,6.2,4.2,0.677419355,,,,,,,
B1207,1,1,W,0,9,18/07/2018,25.3,7.9,4,3,5.6,3.1,0.553571429,,,,,,,
B648,1,1,W,0,8,17/07/2018,19,7.1,5,1,6,2.1,0.35,,,,,,,
A1481,0,0,W,1,7,14/07/2018,52.2,5.1,2,3,3.4,9.9,2.911764706,,,,,,,
B643,1,1,W,0,10,18/07/2018,27.3,5.6,3,1,4.8,3.8,0.791666667,,,,,,,
A261,0,0,W,1,8,18/07/2018,14.1,5.6,2,0,2.6,2.7,1.038461538,,,,,,,
B647,1,1,W,0,8,17/07/2018,24.1,8.1,4,2,6.1,2.2,0.360655738,,,,,,,
B1223,1,1,W,0,7,18/07/2018,13.9,6.5,4,0,5.6,1.3,0.232142857,,,,,,,
A996,0,1,W,0,7,17/07/2018,16.9,7.2,4,3,4.7,0.9,0.191489362,,,,,,,
A240,0,0,V,0,7,17/07/2018,35.8,5.6,2,1,4.6,9.6,2.086956522,,,,,,,
A81,1,1,W,0,10,17/07/2018,23.8,7.6,3,0,5.2,2.7,0.519230769,,,,,,,
B1258,1,1,W,0,8,17/07/2018,32.6,7.6,3,0,4.6,4.8,1.043478261,,,,,,,
A258,0,0,W,1,8,18/07/2018,20.3,4.7,2,0,2.3,4.6,2,,,,,,,
A1506,0,0,V,1,8,17/07/2018,43,6.6,3,2,3.6,6.3,1.75,,,,,,,
A1518,0,0,W,1,8,18/07/2018,30.7,4.4,1,0,3.3,7.5,2.272727273,,,,,,,
A1294,0,1,W,1,10,17/07/2018,54.5,6.1,5,0,7.2,6.7,0.930555556,,,,,,,
A565,0,1,W,0,9,17/07/2018,28.9,8.9,5,2,7.5,3.8,0.506666667,,,,,,,
B1216,1,1,W,0,8,20/07/2018,18.7,7.8,4,0,5.5,1.9,0.345454545,,,,,,,
A1016,0,1,W,0,11,18/07/2018,25,10.2,4,3,8,2.8,0.35,,,,,,,
B1919,1,1,W,0,9,20/07/2018,46.8,8.7,3,0,3.7,2.4,0.648648649,4,,,,,,
A904,1,1,W,0,9,19/07/2018,15.4,8.3,3,1,5.9,1.3,0.220338983,,,,,,,
A579,1,1,W,0,9,20/07/2018,20.3,7.5,4,1,6.3,2.4,0.380952381,,,,,,,
A518,0,1,W,1,11,18/07/2018,52.4,5.7,5,0,6.1,5.5,0.901639344,,,,,,,
A1976,0,1,V,0,8,19/07/2018,48.4,7.1,4,1,6.8,6.9,1.014705882,,,,,,,
B1613,1,1,W,0,8,20/07/2018,19.2,6.3,2,0,3.5,2.8,0.8,,,,,,,
A1084,0,0,V,1,9,20/07/2018,30.2,5.4,3,0,3.3,3.8,1.151515152,,,,,,,
A774,0,1,W,1,11,19/07/2018,40.7,5.7,4,0,4.6,3.1,0.673913043,,,,,,,
A1121,1,0,W,0,7,17/07/2018,11.4,3.8,2,0,1.8,1.2,0.666666667,,,,,,,
A39,0,1,W,1,11,19/07/2018,48.8,5.4,4,0,4.7,3.3,0.70212766,,,,,,,
A860,0,1,V,1,9,19/07/2018,46.8,6.9,4,2,5.4,6.4,1.185185185,,,,,,,
A1135,0,0,W,1,7,20/07/2018,14.3,5.2,2,0,2.1,2.3,1.095238095,,,,,,,
A1411,0,1,W,0,9,19/07/2018,19.2,8.5,4,3,4.8,2.9,0.604166667,,,,,,,
A176,0,1,W,1,10,19/07/2018,46.4,6.2,4,0,4.9,8.3,1.693877551,,,,,,,
A871,0,1,W,0,8,20/07/2018,17,6.8,3,1,4.6,3.3,0.717391304,,,,,,,
A535,0,1,W,0,8,20/07/2018,18.6,9.1,3,0,4.3,2,0.465116279,,,,,,,
A1561,0,1,W,0,6,17/07/2018,16.5,5.3,2,0,3,4.5,1.5,,,,,,,
B461,1,1,W,0,10,20/07/2018,26.7,6.3,4,0,5.9,3.1,0.525423729,,,,,,,
A369,0,1,W,0,9,19/07/2018,38.7,5.5,4,0,6.8,4.5,0.661764706,,,,,,,
B129,1,1,W,0,11,20/07/2018,38.5,8.1,4,0,5.6,5.1,0.910714286,,,,,,,
A1947,1,1,W,0,9,21/07/2018,24.2,8.9,4,3,7.6,4.1,0.539473684,,,,,,,
A868,1,1,W,0,8,22/07/2018,18.5,8.5,3,0,5.2,2.5,0.480769231,,,,,,,
B1581,1,1,W,0,8,24/07/2018,19.5,8.9,4,0,5.2,2.2,0.423076923,,,,,,,
A1088,0,0,V,1,7,24/07/2018,24.8,4.5,2,0,2.5,4.9,1.96,,,,,,,
A967,0,1,W,0,8,24/07/2018,16,8.3,3,1,4.8,2.3,0.479166667,,,,,,,
A17,0,1,W,1,11,24/07/2018,61.4,4.7,5,0,7.3,6.1,0.835616438,,,,,,,
A914,0,1,W,0,8,23/07/2018,16.1,7.7,4,1,6,2.1,0.35,,,,,,,
A452,0,0,V,1,11,24/07/2018,64.7,5.6,4,5,3.5,5.6,1.6,,,,,,,
B468,1,1,W,0,6,24/07/2018,59.7,9.9,2,0,4.8,20.7,4.3125,,,,,,,
A35,1,1,W,1,12,23/07/2018,54.3,5.8,5,0,5.9,8,1.355932203,,,,,,,
A1478,0,0,W,1,12,24/07/2018,56.3,5.1,2,4,4.1,8.6,2.097560976,,,,,,,
A421,0,1,W,0,12,20/07/2018,56.3,5.6,5,1,5.5,7.9,1.436363636,,,,,,,
A590,0,1,W,0,11,23/07/2018,18.4,8.4,4,0,4.9,1.3,0.265306122,,,,,,,
A982,0,1,W,0,9,24/07/2018,15.4,7.3,3,1,4.5,1.3,0.288888889,,,,,,,
B1172,1,1,W,0,12,23/07/2018,97.8,7.8,4,0,5.8,7.7,1.327586207,7,,,,,,
A918,0,1,W,0,7,23/07/2018,15.8,7.9,3,1,4.7,2.3,0.489361702,,,,,,,
A101,0,0,V,1,10,20/07/2018,51.9,4.2,4,0,4.3,6.7,1.558139535,,,,,,,
A1096,0,0,V,1,6,24/07/2018,23,5.4,1,0,1.6,1.6,1,,,,,,,
A500,0,1,V,0,11,20/07/2018,63.6,7.4,4,1,6.8,7,1.029411765,,,,,,,
A434,0,1,W,0,11,23/07/2018,26.3,8.9,3,0,5.1,1.7,0.333333333,,,,,,,
B1181,1,1,W,0,9,24/07/2018,17,7.6,2,0,2.9,1,0.344827586,,,,,,,
A1295,0,1,W,1,10,21/07/2018,49.9,5.2,5,0,5.9,6.2,1.050847458,,,,,,,
A445,0,0,V,1,10,21/07/2018,33.5,5,2,0,2.7,7.7,2.851851852,,,,,,,
A1669,1,0,V,1,8,21/07/2018,70.8,5.8,3,2,4.4,14.6,3.318181818,,,,,,,
A1717,1,0,W,1,10,24/07/2018,13.4,3.9,1,0,1.9,0.5,0.263157895,,,,,,,
A181,0,1,W,1,12,23/07/2018,55.6,5.1,4,0,5.7,4.8,0.842105263,,,,,,,
A389,1,1,W,1,10,20/07/2018,57.9,5.6,4,0,4.9,8.6,1.755102041,,,,,,,
B1578,1,1,W,0,9,24/07/2018,20,8.3,4,0,5.1,2.2,0.431372549,,,,,,,
A1505,0,0,W,1,12,24/07/2018,86.1,5.7,4,4,4.1,7.4,1.804878049,,,,,,,
A1453,0,0,W,1,8,21/07/2018,85.4,6.5,3,3,5,20.1,4.02,,,,,,,
A496,0,1,W,1,12,20/07/2018,70.1,6.3,4,0,5.7,8.4,1.473684211,9,,,,,,
A179,0,1,W,1,10,24/07/2018,42,5,4,0,5.6,3,0.535714286,,,,,,,
A1028,0,0,W,0,8,20/07/2018,31.6,4.5,2,0,3,10,3.333333333,,,,,,,
B2009,1,1,W,0,9,23/07/2018,29.9,8.2,4,2,5.2,4,0.769230769,,,,,,,
A1508,0,0,V,1,8,22/07/2018,20,4.7,2,0,2.3,2,0.869565217,,,,,,,
B280,1,1,W,0,11,24/07/2018,37.5,9.6,3,0,5.3,2.1,0.396226415,10,,,,,,
A1749,0,1,W,1,10,23/07/2018,50,6.6,5,0,7,6.8,0.971428571,,,,,,,
B288,1,1,W,0,13,23/07/2018,41.9,10.5,4,2,6.1,4.3,0.704918033,12,,,,,,
A1343,0,1,V,1,10,23/07/2018,53,7.2,4,0,4.7,5.6,1.191489362,,,,,,,
A1680,0,0,W,1,9,24/07/2018,71.4,5.1,3,4,3.6,8.5,2.361111111,,,,,,,
A1046,0,0,W,1,9,24/07/2018,43.1,6.2,2,0,2.7,5.2,1.925925926,,,,,,,
A387,1,1,W,1,11,24/07/2018,46,6,4,0,4.5,5.1,1.133333333,,,,,,,
A1134,0,0,W,0,7,24/07/2018,30.9,4.7,2,0,3.3,8.3,2.515151515,,,,,,,
A1499,0,0,V,1,7,24/07/2018,9.9,3.7,2,0,2,0.9,0.45,,,,,,,
A1673,0,0,W,1,8,21/07/2018,69.5,5.1,3,2,4.5,13.4,2.977777778,,,,,,,
A104,0,0,W,1,8,17/07/2018,34.5,4.6,2,0,3.4,8.3,2.441176471,,,,,,,
B289,1,1,W,0,11,24/07/2018,33.1,7.6,4,0,4.9,3.7,0.755102041,10,,,,,,
B1608,1,1,W,0,10,23/07/2018,26.7,6.6,2,0,4.2,3,0.714285714,5,,,,,,
A811,1,1,W,1,10,23/07/2018,39.7,5.5,4,0,6.1,4,0.655737705,,,,,,,
A1057,0,0,W,1,11,24/07/2018,45.5,4.7,3,0,3.3,4.8,1.454545455,10,,,,,,
A1882,0,0,V,1,10,24/07/2018,77.5,6.7,3,3,3.7,7.8,2.108108108,9,,,,,,
B2017,1,1,W,0,10,23/07/2018,47.9,5.6,3,0,4.3,3.1,0.720930233,7,,,,,,
A1086,0,0,W,1,9,24/07/2018,45.2,5.7,3,0,3.5,5.3,1.514285714,7,,,,,,
A701,0,1,W,1,10,20/07/2018,57.4,6.1,5,0,6.3,9.1,1.444444444,,,,,,,
A872,0,0,W,0,11,24/07/2018,21.3,6.8,3,0,5,1.6,0.32,,,,,,,
A1647,1,1,W,0,9,25/07/2018,21.7,8.8,4,0,5.7,2.5,0.438596491,,,,,,,
A446,0,0,W,1,7,23/07/2018,28.8,4.2,2,0,3.3,9.6,2.909090909,,,,,,,
A1687,0,0,W,1,9,25/07/2018,52.6,5.9,3,2,3.5,5.3,1.514285714,,,,,,,
A206,1,1,W,0,9,25/07/2018,15.6,7.3,4,0,4.3,2.7,0.627906977,,,,,,,
B1590,1,1,W,0,8,25/07/2018,34.9,7.1,3,0,4.1,5.5,1.341463415,,,,,,,
A1857,1,1,W,0,9,25/07/2018,22.7,8.1,3,2,5,2.8,0.56,8,,,,,,
A1013,1,1,W,0,8,24/07/2018,18.2,6.9,3,0,4.2,2.3,0.547619048,,,,,,,
A1747,1,1,V,1,10,24/07/2018,56.1,6.3,4,1,6.5,5.6,0.861538462,,,,,,,
A1737,,,V,1,10,24/07/2018,44.8,6.6,3,1,4.9,5,1.020408163,,,,,,,
A776,0,1,W,1,10,24/07/2018,44.6,5.9,5,0,5.6,5.3,0.946428571,,,,,,,
B310,1,1,W,0,6,26/07/2018,28.9,7.1,2,0,4,5.6,1.4,5,,,,,,
A1065,0,0,W,1,10,24/07/2018,75.6,4.8,4,4,3.5,5.9,1.685714286,9,,,,,,
B1841,1,1,W,0,8,22/07/2018,43.6,6.6,3,0,4.9,5.5,1.12244898,5,,,,,,
B1179,1,1,W,0,8,24/07/2018,33.6,8.8,3,0,4.1,6.9,1.682926829,,,,,,,
B1236,1,1,W,0,10,25/07/2018,31.5,8.1,4,0,5.1,5.9,1.156862745,9,,,,,,
A1092,0,1,W,1,7,25/07/2018,28.7,5.5,2,0,2.4,4.8,2,,,,,,,
A798,1,1,W,1,11,26/07/2018,49.7,4.8,5,0,5.6,5,0.892857143,10,,,,,,
A757,0,1,W,1,10,19/07/2018,64.4,6.3,4,0,6.6,11.4,1.727272727,,,,,,,
A882,0,1,W,0,8,25/07/2018,21.3,7.2,4,1,6.2,1.9,0.306451613,,,,,,,
A588,0,1,W,0,8,26/07/2018,11.7,7.5,3,0,3.8,0.8,0.210526316,,,,,,,
A218,0,1,W,0,10,25/07/2018,31.9,8.3,5,2,5.4,2.4,0.444444444,,,,,,,
A971,0,1,W,0,12,25/07/2018,39.5,7.2,5,4,6.6,1.6,0.242424242,,,,,,,
A708,0,1,W,1,11,25/07/2018,61.3,5.8,6,0,6,8,1.333333333,,,,,,,
A863,0,1,W,0,9,25/07/2018,24.9,7.7,3,2,4.9,4.4,0.897959184,,,,,,,
A398,0,1,W,1,12,25/07/2018,51.5,6.3,5,0,5.8,7.6,1.310344828,,,,,,,
A1504,0,0,W,0,7,26/07/2018,45.4,6.4,3,0,3.9,12.9,3.307692308,,,,,,,
A604,0,0,W,1,9,26/07/2018,17.7,4.9,1,0,2.2,2.1,0.954545455,,,,,,,
A1664,0,0,V,1,8,26/07/2018,28.5,6.3,2,0,2.8,7.1,2.535714286,,,,,,,
A1951,0,0,W,1,8,26/07/2018,61.3,6.2,3,2,4.2,12.9,3.071428571,,,,,,,
A393,1,1,W,1,12,25/07/2018,49.1,5.6,4,0,4.4,6.1,1.386363636,11,,,,,,
A547,0,1,W,0,10,25/07/2018,23.6,8.5,3,1,6.7,1.9,0.28358209,,,,,,,
A1380,0,1,W,0,10,25/07/2018,19.3,8,3,0,5.4,2.1,0.388888889,,,,,,,
A766,0,1,W,1,11,25/07/2018,50.8,5.3,5,0,6.4,9.8,1.53125,,,,,,,
A182,0,1,W,0,10,25/07/2018,79.4,6.3,5,3,9.4,7.1,0.755319149,,,,,,,
A94,0,0,W,1,9,25/07/2018,15.2,4,2,0,1.6,1.4,0.875,,,,,,,
B268,1,1,W,0,9,26/07/2018,28.8,7.3,3,0,4.2,5.8,1.380952381,,,,,,,
A1408,0,1,W,0,12,25/07/2018,27.4,8.7,4,2,5.7,2.9,0.50877193,,,,,,,
A1532,0,0,W,1,7,26/07/2018,8.2,2.2,1,0,1.1,0.9,0.818181818,,,,,,,
A1487,0,0,V,1,6,21/07/2018,40,4.4,2,0,4.3,5.6,1.302325581,,,,,,,
A394,1,1,W,1,10,28/07/2018,33.6,5.9,5,0,6.3,5.7,0.904761905,9,,,,,,
A993,0,1,W,0,9,30/07/2018,22.5,6.2,4,1,5.2,3,0.576923077,,,,,,,
A371,0,1,W,1,13,28/07/2018,59.7,6.1,4,0,4,4.8,1.2,9,,,,,,
A1670,0,0,V,1,10,27/07/2018,102.4,7.3,4,4,5.7,11,1.929824561,,,,,,,
A1058,0,0,V,1,8,26/07/2018,43,5.7,2,0,3.4,11.5,3.382352941,,,,,,,
A764,0,1,W,1,10,28/07/2018,60.4,6.6,5,0,6.7,6,0.895522388,,,,,,,
A1950,0,0,W,,5,30/07/2018,10.6,3.7,2,0,2.7,3.2,1.185185185,,,,,,,
A1551,0,0,W,1,10,28/07/2018,27.9,4.9,2,0,2.7,2.7,1,,,,,,,
A746,1,1,W,1,10,26/07/2018,47.8,6,4,1,7.2,6.5,0.902777778,,,,,,,
A1296,0,1,V,0,10,29/07/2018,72.2,8.3,5,2,7.2,7.6,1.055555556,,,,,,,
A1938,0,1,W,1,10,28/07/2018,54.7,6.3,5,1,6.7,6.9,1.029850746,,,,,,,
A1990,0,1,W,0,10,28/07/2018,21.3,5.6,4,1,5.1,1,0.196078431,,,,,,,
A245,0,0,W,0,9,26/07/2018,33.3,4.1,2,0,3.5,7.9,2.257142857,,,,,,,
A1728,0,1,V,1,9,28/07/2018,36.7,6.7,4,0,4.7,3.4,0.723404255,,,,,,,
A1908,0,0,W,1,9,28/07/2018,11.4,3,1,0,2.2,1.9,0.863636364,,,,,,,
A900,1,1,W,0,8,27/07/2018,17.9,7.6,4,0,5.9,1.7,0.288135593,,,,,,,
A1301,0,1,W,0,12,26/07/2018,116.7,6.5,6,5,14.7,10,0.680272109,,,,,,,
A999,0,1,W,0,12,28/07/2018,33.8,9,5,1,6.2,3.1,0.5,,,,,,,
A1067,0,0,W,0,9,26/07/2018,95.8,5.7,4,5,4.9,13.2,2.693877551,,,,,,,
A1349,0,1,W,1,10,29/07/2018,42.2,6.1,4,0,6.2,7.3,1.177419355,,,,,,,
A1889,0,0,W,1,8,30/07/2018,41.9,6.4,3,0,3.3,7.3,2.212121212,,,,,,,
A1292,0,1,V,1,11,29/07/2018,55.8,7.6,4,0,6.3,6.8,1.079365079,,,,,,,
B1803,1,1,W,0,10,30/07/2018,28.1,8.6,3,0,4,3.4,0.85,,,,,,,
A1127,0,0,W,1,10,28/07/2018,38.9,4.7,2,0,2,8.4,4.2,,,,,,,
B455,1,1,W,0,10,28/07/2018,30.2,9,5,2,7.2,4.5,0.625,,,,,,,
B1211,1,1,W,0,12,29/07/2018,34.3,9.1,3,0,4.5,3.2,0.711111111,11,,,,,,
B467,1,1,W,0,10,26/07/2018,27.4,7.9,3,0,3.9,2.1,0.538461538,,,,,,,
A1476,0,0,V,1,7,28/07/2018,35.1,6.3,2,0,3.5,6.7,1.914285714,,,,,,,
B1217,1,1,W,0,11,30/07/2018,27,7.4,3,0,4.7,3.5,0.744680851,10,,,,,,
B1595,1,1,W,0,9,30/07/2018,37.9,9.5,3,0,5,6.4,1.28,,,,,,,
A1054,0,0,W,1,8,28/07/2018,41,5.5,2,0,3.9,3.9,1,,,,,,,
A1634,0,1,W,0,10,24/07/2018,21.6,8.9,3,0,6.4,3.2,0.5,,,,,,,
B1603,1,1,W,0,9,29/07/2018,18.2,5.1,2,0,3,0.9,0.3,,,,,,,
A1076,0,1,W,1,8,27/07/2018,12.1,3.2,1,0,1.2,0.6,0.5,,,,,,,
A1994,0,1,W,0,8,28/07/2018,28.2,7.2,4,1,5.2,4.5,0.865384615,,,,,,,
B1796,1,1,W,0,10,27/07/2018,21.2,7.8,3,0,3.9,1.7,0.435897436,,,,,,,
A1378,0,1,W,0,10,28/07/2018,25.4,7.3,4,0,4.6,2.8,0.608695652,,,,,,,
A499,0,1,W,1,11,25/07/2018,50.5,6.2,4,0,5.4,8.8,1.62962963,,,,,,,
A1160,0,0,W,0,11,30/07/2018,20.5,4,1,0,1.8,1.3,0.722222222,,,,,,,
A737,0,1,W,1,9,28/07/2018,52.9,6.2,5,0,6.4,8.8,1.375,,,,,,,
A1330,0,1,V,1,11,28/07/2018,39.1,6.7,3,0,3.8,2.5,0.657894737,,,,,,,
A704,0,1,V,1,11,27/07/2018,50.5,7.6,5,1,4.8,7.3,1.520833333,,,,,,,
B652,1,1,W,0,9,27/07/2018,25.7,6.3,3,0,4,1.9,0.475,,,,,,,
B1618,1,1,W,0,8,27/07/2018,45.5,9,2,0,4.2,7.1,1.69047619,,,,,,,
A1465,0,1,W,1,7,27/07/2018,38.5,5.4,2,0,3.4,8.1,2.382352941,,,,,,,
A1898,0,0,W,1,8,31/07/2018,30.3,5.9,2,3,3.7,6.8,1.837837838,,,,,,,
A1674,0,0,W,1,8,27/07/2018,21,3.8,2,0,3.3,5.2,1.575757576,,,,,,,
A1066,0,0,W,1,7,31/07/2018,43.8,5.7,3,1,3.3,9.3,2.818181818,,,,,,,
A1517,0,0,W,0,8,31/07/2018,7.9,4,1,0,1.2,0.6,0.5,,,,,,,
A1897,0,0,W,1,9,31/07/2018,60.5,5,3,3,4.2,9,2.142857143,,,,,,,
B1231,1,1,W,0,12,31/07/2018,29.6,6.6,3,0,3.5,2.1,0.6,,,,,,,
B1239,1,1,W,0,9,31/07/2018,31.2,5.8,3,0,3.3,2.3,0.696969697,,,,,,,
A444,0,0,W,0,7,31/07/2018,24.7,4.2,2,0,2.9,8.9,3.068965517,,,,,,,
B669,1,1,W,0,9,31/07/2018,30.1,6.3,3,0,4,5.5,1.375,,,,,,,
B1210,1,1,W,0,11,31/07/2018,28.1,6,4,1,4.7,2.9,0.617021277,,,,,,,
A1083,0,0,W,1,11,31/07/2018,41.9,4.4,3,0,2.6,3.4,1.307692308,,,,,,,
A373,0,1,W,1,11,31/07/2018,39.1,5.9,3,0,3.6,3.2,0.888888889,,,,,,,
A1459,0,0,W,1,10,31/07/2018,31,4.5,2,3,4.2,4,0.952380952,,,,,,,
A1392,1,1,W,0,11,31/07/2018,19.9,5.7,3,0,4.2,2.8,0.666666667,,,,,,,
A553,0,1,W,0,9,31/07/2018,18.6,6.3,4,2,4.3,2.2,0.511627907,,,,,,,
B270,1,1,W,0,8,31/07/2018,30.3,6.1,3,0,4.1,3.3,0.804878049,,,,,,,
A611,0,0,W,0,8,01/08/2018,6,4,1,0,1.9,1,0.526315789,,,,,,,
B1196,1,1,W,0,8,01/08/2018,13.9,5,2,0,3.1,2,0.64516129,,,,,,,
A1895,0,0,V,0,8,01/08/2018,28.4,5.5,2,0,3,4.7,1.566666667,,,,,,,
A1999,0,0,W,1,8,01/08/2018,56.1,6.3,3,4,4.2,8,1.904761905,,,,,,,
A630,0,0,V,1,8,01/08/2018,16,5,1,0,1.7,2.2,1.294117647,,,,,,,
A1337,0,0,V,1,12,01/08/2018,34.3,5.1,3,0,4.3,3,0.697674419,,,,,,,
A594,0,1,W,0,12,01/08/2018,25,7.1,4,0,5,2.1,0.42,,,,,,,
A1725,0,0,W,1,6,01/08/2018,5.6,1.8,1,0,1.1,0.5,0.454545455,,,,,,,
A422,0,1,W,1,12,01/08/2018,64.7,6.4,5,0,5.5,9.89,1.798181818,,,,,,,
A702,0,1,W,1,12,01/08/2018,52.8,5.8,4,0,5,8.4,1.68,,,,,,,
A1638,1,1,W,0,10,01/08/2018,19.1,6.1,3,0,5.7,2.5,0.438596491,,,,,,,
B1606,1,1,W,0,8,01/08/2018,12.7,5.8,2,1,2.7,1.4,0.518518519,,,,,,,
A805,1,1,W,1,11,01/08/2018,52.1,5.7,5,0,4.6,4.7,1.02173913,,,,,,,
A932,0,1,W,0,10,02/08/2018,32.2,5.9,4,1,6.4,4.1,0.640625,,,,,,,
A1012,0,1,W,0,11,02/08/2018,19.8,6.1,3,1,5,1.1,0.22,,,,,,,
A1690,0,0,V,1,7,02/08/2018,32.9,5.2,2,0,3.2,9.3,2.90625,,,,,,,
A227,0,0,W,1,9,02/08/2018,29,4.3,2,0,2.7,4.1,1.518518519,,,,,,,
A1023,0,1,W,0,12,02/08/2018,26.4,6.9,4,1,6.3,2.1,0.333333333,,,,,,,
A1474,0,0,W,0,7,02/08/2018,34.7,5.6,2,3,3.7,5.1,1.378378378,,,,,,,
A86,0,1,W,0,11,02/08/2018,27,6.8,3,0,4.8,1.8,0.375,,,,,,,
A1520,0,0,W,1,7,28/07/2018,22.6,4.8,1,0,2.5,4.6,1.84,,,,,,,
A2034,0,0,W,0,6,02/08/2018,22,5,2,0,3.1,4.4,1.419354839,,,,,,,
A1495,0,0,W,1,8,02/08/2018,22.6,4.2,2,0,2.7,4.7,1.740740741,,,,,,,
B1582,1,1,W,0,8,03/08/2018,18,8.2,3,0,5,2.6,0.52,,,,,,,
A442,0,1,W,0,11,03/08/2018,33.3,8.5,4,0,5.2,5.2,1,,,,,,,
A587,0,1,W,0,8,03/08/2018,15.8,6,4,0,4.5,2.1,0.466666667,,,,,,,
A622,0,0,W,0,13,03/08/2018,50.9,5.1,2,0,3.5,5.6,1.6,11,,,,,,
A513,0,1,W,1,11,03/08/2018,45.3,5.5,3,0,3.8,8.4,2.210526316,10,,,,,,
B1622,1,1,W,0,9,03/08/2018,19.3,8.1,3,0,2.8,0.6,0.214285714,,,,,,,
A1462,0,0,W,1,10,03/08/2018,33.6,5.4,3,2,3.3,5.6,1.696969697,7,,,,,,
A640,0,0,W,1,7,03/08/2018,22.2,4.4,2,1,3.2,8.5,2.65625,,,,,,,
B1187,1,1,W,0,11,03/08/2018,33,6.2,2,0,4,10.4,2.6,,,,,,,
A231,0,0,V,1,9,03/08/2018,15.5,5.5,1,0,2.4,1.5,0.625,8,,,,,,
A1149,0,0,W,1,7,05/08/2018,19.3,4.3,2,4,3.4,6.4,1.882352941,,,,,,,
B1185,1,1,W,0,9,05/08/2018,17.4,5.6,2,0,2.9,2.5,0.862068966,,,,,,,
A432,1,1,W,0,10,05/08/2018,13.7,5,3,2,4.6,1.5,0.326086957,,,,,,,
A1280,1,1,V,1,12,05/08/2018,50.7,7,4,0,4.7,5.7,1.212765957,,,,,,,
A1293,1,1,W,1,12,05/08/2018,60.1,5.4,5,1,6.6,8.5,1.287878788,,,,,,,
A1750,1,1,W,0,11,05/08/2018,42.6,-,4,0,5.1,4.1,0.803921569,,,,,,,
A1021,1,1,W,0,7,05/08/2018,12.8,5.9,2,1,4.8,1.3,0.270833333,,,,,,,
A1646,1,1,W,0,11,05/08/2018,23.5,6.9,2,1,5,2.1,0.42,,,,,,,
A537,0,1,W,0,11,05/08/2018,19,6.1,3,0,4.2,1.5,0.357142857,,,,,,,
B1803,1,1,W,0,12,05/08/2018,24.5,4.1,3,0,4.6,1.8,0.391304348,,,,,,,
A1139,0,0,W,1,8,05/08/2018,25.9,4.6,2,0,2.7,7.3,2.703703704,,,,,,,
A1867,0,1,W,0,9,05/08/2018,46.5,6.3,4,0,4.6,4.2,0.913043478,,,,,,,
B1583,1,1,W,0,8,04/08/2018,17,7.2,3,0,4.5,1.7,0.377777778,,,,,,,
A59,0,1,W,0,10,03/08/2018,21.3,-,3,2,4.3,3.6,0.837209302,,,,,,,
A409,0,1,W,1,12,04/08/2018,54.9,4.4,4,0,4.2,4.8,1.142857143,,,,,,,
A2005,0,0,W,1,8,04/08/2018,74.5,8.1,4,2,4.4,17.5,3.977272727,,,,,,,
A554,0,1,W,0,9,04/08/2018,26.7,-,4,0,5.4,6.5,1.203703704,,,,,,,
A628,0,0,W,1,10,03/08/2018,28.8,-,2,0,2.3,3.7,1.608695652,,,,,,,
A1391,1,1,W,0,12,04/08/2018,21.7,8.2,3,2,4.3,2.3,0.534883721,,,,,,,
A1708,0,0,W,0,7,06/08/2018,24.5,4.9,3,0,3.8,7,1.842105263,,,,,,,
A397,0,1,W,1,12,06/08/2018,44.6,6,4,0,5.1,6.8,1.333333333,,,,,,,
A1313,1,1,W,1,11,06/08/2018,49.2,6.6,4,0,5.8,6.9,1.189655172,,,,,,,
A404,0,1,W,1,10,06/08/2018,24.1,5.7,2,0,4.3,4.3,1,,,,,,,
B684,1,1,W,0,10,06/08/2018,15.8,5.9,2,0,3.3,0.7,0.212121212,,,,,,,
A1154,0,0,W,1,7,06/08/2018,11.3,2.3,1,0,0.5,0.1,0.2,,,,,,,
A710,0,1,W,1,13,06/08/2018,56.8,5.9,4,0,4.1,11.9,2.902439024,,,,,,,
A807,1,1,W,1,13,06/08/2018,60.4,5.1,5,0,5.8,5,0.862068966,,,,,,,
A1679,0,0,W,1,8,06/08/2018,60.7,6,3,3,4.4,9.6,2.181818182,,,,,,,
A741,0,1,W,1,11,06/08/2018,51.5,5.7,4,0,5.8,8.3,1.431034483,,,,,,,
A358,1,1,W,1,14,06/08/2018,71.6,5.3,4,0,6.6,8.7,1.318181818,,,,,,,
A1353,0,1,V,1,12,06/08/2018,57.3,6.8,4,2,6.1,3.4,0.557377049,,,,,,,
A763,0,1,W,1,11,31/07/2018,96.6,6.4,4,0,8,12.9,1.6125,,,,,,,
A405,0,1,W,1,11,06/08/2018,36.4,6,3,0,3.9,5.7,1.461538462,,,,,,,
A545,0,1,W,0,12,07/08/2018,32,6.3,5,2,6.9,2.9,0.420289855,,,,,,,
A453,0,0,W,1,8,07/08/2018,21,4.6,2,0,2.2,3.6,1.636363636,,,,,,,
B1245,1,1,W,0,8,06/08/2018,19.2,6.2,2,0,3.1,1.3,0.419354839,,,,,,,
A824,0,1,W,1,13,07/08/2018,49.7,5.6,4,0,4.9,6.1,1.244897959,,,,,,,
A399,0,1,W,1,12,07/08/2018,48.2,5.6,4,0,5.4,3.8,0.703703704,,,,,,,
A251,0,0,W,0,8,07/08/2018,10.2,4.7,1,0,2.5,2,0.8,,,,,,,
A366,0,1,W,1,12,07/08/2018,72.4,6,5,0,7.6,11.3,1.486842105,,,,,,,
A1734,0,1,W,1,13,07/08/2018,56.5,5.2,4,0,5.4,4.4,0.814814815,,,,,,,
A25,0,1,W,1,12,07/08/2018,50.3,5.5,4,0,4.7,7.8,1.659574468,,,,,,,
B1834,1,1,W,0,10,07/08/2018,26.6,7,4,0,4.7,2.3,0.489361702,,,,,,,
A529,0,1,W,1,12,07/08/2018,61.2,5.3,5,0,6.5,6.6,1.015384615,,,,,,,
A833,0,1,W,1,14,07/08/2018,58.5,5.6,4,0,4.8,7,1.458333333,,,,,,,
A873,0,1,W,0,12,07/08/2018,41.5,6.7,5,1,5.9,4.3,0.728813559,,,,,,,
B654,1,1,W,0,11,07/08/2018,36.5,6.9,3,0,4.7,3.4,0.723404255,,,,,,,
A1633,0,1,W,0,10,07/08/2018,27,6.6,4,1,4.1,3.4,0.829268293,,,,,,,
A759,0,1,W,1,12,07/08/2018,59,6.1,5,0,6.2,7.9,1.274193548,,,,,,,
A1406,0,1,W,0,12,07/08/2018,22.5,7.1,4,2,4.6,1.5,0.326086957,,,,,,,
A891,0,1,W,0,11,07/08/2018,22.2,7.1,4,0,4.9,2.9,0.591836735,,,,,,,
A1713,0,0,W,1,9,07/08/2018,8.8,3.7,1,0,2,0.3,0.15,,,,,,,
B664,1,1,W,0,11,07/08/2018,36.2,8.1,3,0,4.6,8.7,1.891304348,,,,,,,
A205,0,1,W,0,14,07/08/2018,34.6,7.9,3,3,5.4,2.5,0.462962963,,,,,,,
A812,0,1,W,1,10,07/08/2018,16,5.2,2,0,3.5,2.6,0.742857143,,,,,,,
A1618,0,0,W,1,8,07/08/2018,42.1,6.2,3,0,3.9,7.5,1.923076923,,,,,,,
A801,1,1,W,1,11,07/08/2018,35.8,5.3,3,0,3.7,5.2,1.405405405,,,,,,,
A874,0,1,W,0,11,07/08/2018,22.1,6.6,3,2,5.2,2.7,0.519230769,,,,,,,
B660,1,1,W,0,9,07/08/2018,17,6.5,2,0,3.4,2.3,0.676470588,,,,,,,
A1123,0,0,W,1,7,31/07/2018,16.9,-,2,0,3.1,2.8,0.903225806,,,,,,,
A1094,0,0,V,1,13,09/08/2018,35.2,4.4,2,0,2.9,3.1,1.068965517,,,,,,,
A995,0,1,W,0,9,09/08/2018,33,6.7,3,1,5.2,5.6,1.076923077,,,,,,,
A403,0,1,W,1,12,09/08/2018,40.8,5.9,3,0,3.3,5.6,1.696969697,,,,,,,
A1032,0,0,W,1,6,09/08/2018,5.4,4.2,1,0,1.9,0.5,0.263157895,,,,,,,
A1492,0,0,W,1,7,09/08/2018,8.4,4.2,1,0,2.5,1.8,0.72,,,,,,,
A1507,0,0,W,1,8,09/08/2018,24.5,4.1,2,0,2.4,3.8,1.583333333,,,,,,,
A226,0,0,W,1,8,09/08/2018,18.3,3,2,0,2.2,1.2,0.545454545,,,,,,,
A68,1,1,W,0,9,10/08/2018,21.7,6.2,3,0,5.9,2.8,0.474576271,,,,,,,
B655,1,1,W,0,11,10/08/2018,33.6,6,4,0,5.3,2.7,0.509433962,,,,,,,
A2049,0,1,V,0,11,10/08/2018,52.3,5.1,3,0,4.9,5.9,1.204081633,,,,,,,
A536,0,1,W,0,10,10/08/2018,15.2,5.6,3,0,3.6,1.7,0.472222222,,,,,,,
A724,0,1,W,1,11,11/08/2018,60,5.1,5,0,5.7,7.9,1.385964912,,,,,,,
B662,1,1,W,0,10,11/08/2018,51.2,6,4,0,5.8,8.2,1.413793103,,,,,,,
A706,0,1,W,1,11,11/08/2018,67.6,5.6,5,0,5.9,10,1.694915254,,,,,,,
A580,1,1,W,0,13,11/08/2018,35.1,7.1,4,2,5.2,2.6,0.5,,,,,,,
A180,1,1,W,1,10,11/08/2018,68.1,5.6,4,0,5.7,14.5,2.543859649,,,,,,,
A1300,0,1,W,1,10,12/08/2018,108.1,6,5,5,10.5,10.3,0.980952381,,,,,,,
B1241,1,1,W,0,11,12/08/2018,53.1,6.5,4,0,5,9.6,1.92,,,,,,,
A760,0,1,W,1,10,12/08/2018,85.9,6.2,5,1,7.3,10.4,1.424657534,,,,,,,
A897,0,1,W,0,7,13/08/2018,19.2,6.4,3,0,4.2,3,0.714285714,,,,,,,
A709,0,1,W,1,12,13/08/2018,57.4,5.5,3,0,4.3,11.3,2.627906977,,,,,,,
B1832,1,1,W,1,8,13/08/2018,11.3,7.6,4,0,3.8,1.6,0.421052632,,,,,,,
A1130,0,0,W,1,8,13/08/2018,10.6,3.9,1,0,2.2,0.8,0.363636364,,,,,,,
A493,0,0,W,1,12,13/08/2018,80.4,5.3,5,0,6.5,10.4,1.6,,,,,,,
A418,0,1,V,1,14,14/08/2018,48.7,5.7,3,0,3.5,3.2,0.914285714,,,,,,,
A214,0,1,W,0,12,14/08/2018,30.5,6.8,4,3,6.4,1.7,0.265625,,,,,,,
B122,1,1,W,0,12,14/08/2018,36.5,8.4,4,1,4.4,4.5,1.022727273,,,,,,,
A1291,0,1,V,0,13,14/08/2018,59.1,7.2,3,2,5.8,6.8,1.172413793,,,,,,,
A808,1,1,W,1,10,14/08/2018,22.5,5.6,3,0,3.5,5.8,1.657142857,,,,,,,
B1838,1,1,W,1,9,14/08/2018,18.4,7.5,4,1,4.7,2.9,0.617021277,,,,,,,
A813,0,1,W,1,13,14/08/2018,56.7,5.6,4,0,5.3,7.6,1.433962264,,,,,,,
A1341,0,1,W,1,12,14/08/2018,54.7,6,5,0,5.3,7.6,1.433962264,,,,,,,
A2039,0,0,W,1,5,14/08/2018,35.9,5.4,3,0,3.5,8.5,2.428571429,,,,,,,
A36,1,1,W,1,11,15/08/2018,39.4,5,4,0,5.6,8.3,1.482142857,,,,,,,
A880,0,1,W,0,13,15/08/2018,31.2,6.3,4,2,5.7,2.4,0.421052632,,,,,,,
A1860,0,1,V,1,14,15/08/2018,63.8,5.8,4,0,4.2,6.4,1.523809524,,,,,,,
B290,1,1,W,0,15,15/08/2018,39.5,7.1,3,0,4,2.3,0.575,,,,,,,
A715,0,1,W,1,12,15/08/2018,54.3,6.6,4,2,4.4,7.9,1.795454545,,,,,,,
A401,0,1,W,1,11,15/08/2018,23.5,5.2,2,0,3.7,4.4,1.189189189,,,,,,,
A1985,0,1,V,1,12,15/08/2018,58.9,6,4,0,4.9,6.6,1.346938776,,,,,,,
A395,0,1,W,1,13,15/08/2018,50.1,5.9,4,0,4.6,10.4,2.260869565,,,,,,,
A884,0,1,W,0,11,15/08/2018,26.1,8.2,3,2,5.1,4.2,0.823529412,,,,,,,
B666,1,1,W,0,15,15/08/2018,80.4,8.4,3,0,4.6,6.7,1.456521739,,,,,,,
B650,1,1,W,0,12,16/08/2018,39.9,6.1,4,0,4.6,10,2.173913043,,,,,,,
A49,0,1,W,0,11,16/08/2018,36.9,5.7,4,2,6.4,7.4,1.15625,,,,,,,
A575,0,1,W,0,13,16/08/2018,25.1,6.1,3,1,0.8,2,2.5,,,,,,,
A1394,0,1,W,0,9,16/08/2018,24.3,7.6,3,0,4.5,4.5,1,,,,,,,
B281,1,1,W,0,11,16/08/2018,36.7,5.3,4,2,5.6,6.3,1.125,,,,,,,
A229,0,0,W,1,12,16/08/2018,27.2,5.6,2,0,2.5,3.1,1.24,,,,,,,
A489,0,1,W,1,13,16/08/2018,62.7,5,4,0,5.4,8.2,1.518518519,,,,,,,
A1663,0,0,W,1,7,16/08/2018,51.2,5.6,2,0,3.4,9.3,2.735294118,,,,,,,
A351,0,1,W,0,-,16/08/2018,31.2,4.5,-,0,-,-,-,,,,,,,
B128,1,1,W,0,13,16/08/2018,34,9.2,4,2,5.3,5.2,0.981132075,,,,,,,
A367,0,1,V,1,14,16/08/2018,46.5,5,3,0,3.7,5.9,1.594594595,,,,,,,
A731,0,1,W,1,14,16/08/2018,93.3,5.6,5,1,0.7,9.2,13.14285714,,,,,,,
A419,0,1,V,1,14,16/08/2018,47.3,6,3,0,3.7,5.1,1.378378378,,,,,,,
B2018,1,1,W,-,-,17/08/2018,-,4.9,-,-,-,-,-,,,,,,,
A1448,0,1,W,0,11,17/08/2018,24.4,7.7,,1,4.4,2.7,0.613636364,,,,,,,
B1242,1,1,W,0,10,17/08/2018,40.8,7.3,3,0,3.5,5.1,1.457142857,,,,,,,
A33,1,1,W,1,11,18/08/2018,49,5.8,3,0,5.3,9.1,1.716981132,,,,,,,
A949,1,1,W,0,10,18/08/2018,19,6.1,3,1,4.5,1.8,0.4,,,,,,,
A1000,0,1,W,0,12,18/08/2018,30.1,6.8,3,2,4.3,4,0.930232558,,,,,,,
A1884,0,0,W,1,7,18/08/2018,35.4,5.2,2,0,2.7,7.7,2.851851852,,,,,,,
A1315,1,1,W,1,12,18/08/2018,59.5,6.6,4,0,5.7,10,1.754385965,,,,,,,
A1729,0,1,V,0,14,18/08/2018,54.2,6.2,3,0,4.5,5.6,1.244444444,,,,,,,
A13,0,1,W,1,12,18/08/2018,42.6,5.8,4,0,4.7,6.2,1.319148936,,,,,,,
A835,0,1,W,1,11,18/08/2018,32.8,4.7,4,0,4.4,3.4,0.772727273,,,,,,,
B1240,1,1,W,0,12,18/08/2018,29.2,7.5,3,0,4,3.4,0.85,,,,,,,
A564,0,1,W,0,15,18/08/2018,34.1,7.8,4,3,5.7,2.9,0.50877193,,,,,,,
A1682,0,0,W,1,7,18/08/2018,12.3,4.1,2,0,2.1,1.7,0.80952381,,,,,,,
A1890,0,0,W,1,9,18/08/2018,14.5,3.3,1,0,1.7,0.7,0.411764706,,,,,,,
A1512,0,0,W,1,7,18/08/2018,12.9,3.6,2,0,1.9,1.9,1,,,,,,,
A1514,0,0,W,1,8,18/08/2018,19.2,3.6,2,0,1.4,1.8,1.285714286,,,,,,,
A864,0,1,W,0,10,19/08/2018,33.6,8.5,4,1,5,7.3,1.46,,,,,,,
A77,0,1,W,0,16,20/08/2018,27.6,7.5,3,0,3.5,2.7,0.771428571,,,,,,,
A950,1,1,W,0,13,19/08/2018,18,8.8,4,1,5,2.4,0.48,,,,,,,
A38,0,1,W,1,13,19/08/2018,61.5,6.5,5,0,5.7,9.3,1.631578947,,,,,,,
A837,0,1,V,1,13,19/08/2018,49.2,6.7,4,0,4.4,5.4,1.227272727,,,,,,,
A1891,0,0,W,0,9,19/08/2018,17.3,6.1,3,1,2.7,1.8,0.666666667,,,,,,,
A1730,0,1,W,1,14,19/08/2018,45,6.2,4,0,4.6,5.8,1.260869565,,,,,,,
A1862,0,1,V,1,14,19/08/2018,52.3,7.6,4,1,4.4,5.7,1.295454545,,,,,,,
A1686,0,0,V,1,10,19/08/2018,41.3,6.5,2,1,3.2,6.9,2.15625,,,,,,,
A1526,0,0,W,0,9,11/08/2018,31.4,5.8,3,3,3.1,5.3,1.709677419,,,,,,,
A237,0,0,W,1,8,11/08/2018,10.1,4.2,1,0,1.6,1,0.625,,,,,,,
A1456,0,0,W,1,8,19/08/2018,16.7,4.7,2,0,2,2.8,1.4,,,,,,,
B2011,1,1,W,0,12,19/08/2018,24.6,7.4,3,0,5.1,4.3,0.843137255,,,,,,,
A815,0,1,W,1,10,19/08/2018,32.1,5.6,3,0,4.3,7.2,1.674418605,,,,,,,
A34,1,1,W,1,12,19/08/2018,32.9,5.8,4,0,3.8,3.7,0.973684211,,,,,,,
A814,0,1,W,1,12,20/08/2018,58.3,6.1,5,1,7.8,5.7,0.730769231,,,,,,,
A533,0,1,V,1,13,20/08/2018,51.4,5,4,2,4.1,4.2,1.024390244,,,,,,,
A29,0,1,W,1,12,20/08/2018,23.7,5.6,4,0,4.2,3.2,0.761904762,,,,,,,
A1331,0,1,W,1,12,20/08/2018,37.5,5.3,3,0,4,3.4,0.85,,,,,,,
A935,0,1,W,0,11,20/08/2018,19,6.3,3,2,4.1,3.3,0.804878049,,,,,,,
A1278,0,1,V,1,12,20/08/2018,35.2,5,3,0,3.8,5,1.315789474,,,,,,,
A1276,0,1,V,1,17,20/08/2018,62.7,7.2,3,0,4.5,5.8,1.288888889,,,,,,,
A1308,0,1,V,1,13,20/08/2018,27.9,5.9,3,0,2.9,2.3,0.793103448,,,,,,,
A1339,0,1,V,1,17,20/08/2018,46.5,5.3,3,0,4.1,4.1,1,,,,,,,
A1327,0,1,W,1,10,20/08/2018,14.5,5,2,0,3.2,1.9,0.59375,,,,,,,
A800,1,1,W,1,12,21/08/2018,49.6,6.4,4,0,4.7,8.1,1.723404255,,,,,,,
A786,0,1,W,1,11,21/08/2018,24.5,5.1,3,0,3.5,1.9,0.542857143,,,,,,,
A1683,0,0,W,1,7,22/08/2018,11.8,4.9,2,0,2.3,2.6,1.130434783,,,,,,,
A383,0,1,W,1,13,22/08/2018,25.3,5.3,3,0,2.8,1.7,0.607142857,,,,,,,
A519,0,1,W,1,12,22/08/2018,38.7,5.5,4,0,5.8,3.6,0.620689655,,,,,,,
B1598,1,1,W,0,11,22/08/2018,24.7,7.5,3,3,4.5,3,0.666666667,,,,,,,
A794,0,1,W,1,11,22/08/2018,25.4,5.7,3,0,3.8,3.9,1.026315789,,,,,,,
A526,0,1,W,1,12,22/08/2018,66.1,6,5,0,6.3,5.5,0.873015873,,,,,,,
B132,1,1,W,0,-,22/08/2018,-,6.7,-,-,-,-,#VALUE!,,,,,,,
A820,0,1,W,1,11,22/08/2018,26,5.6,4,0,4.9,3.1,0.632653061,,,,,,,
A355,1,1,W,1,13,23/08/2018,35.9,5.8,4,0,4,5.4,1.35,,,,,,,
A508,0,1,W,1,13,23/08/2018,41.7,5.9,3,0,4.3,6.2,1.441860465,,,,,,,
A61,0,1,W,1,13,23/08/2018,42.4,5,4,0,4.5,3.5,0.777777778,,,,,,,
A908,1,1,W,0,12,23/08/2018,25.8,7.8,4,1,6.2,2.7,0.435483871,,,,,,,
A325,0,1,W,1,12,23/08/2018,45.6,5.8,4,0,4.2,9.3,2.214285714,,,,,,,
B1592,1,1,W,0,8,23/08/2018,16,6.4,2,1,3.7,2.7,0.72972973,,,,,,,
A402,0,1,W,1,12,24/08/2018,31.5,4.6,3,0,3.5,2.2,0.628571429,,,,,,,
A360,1,1,W,0,16,24/08/2018,41.9,4.5,4,0,3.6,0.6,0.166666667,,,,,,,
A539,,,W,0,10,24/08/2018,28,7.9,3,0,4.1,2.5,0.609756098,,,,,,,
A1727,,,V,0,13,24/08/2018,29,6.5,3,0,2.9,3,1.034482759,,,,,,,
A1863,,,V,0,15,24/08/2018,38,5.2,3,0,4,2.7,0.675,,,,,,,
A1320,,,V,0,16,23/08/2018,47,6.8,3,0,4.4,3.6,0.818181818,,,,,,,
A734,,,W,0,13,24/08/2018,58,6.6,9,0,5.4,8.8,1.62962963,,,,,,,
A718,,,W,0,13,24/08/2018,65,6.5,5,0,6.2,6.6,1.064516129,,,,,,,
A1986,,,W,0,9,24/08/2018,35,6,3,0,4.9,6.9,1.408163265,,,,,,,
A800,,,W,,,24/08/2018,,,,,,,#DIV/0!,,,,,,,
A795,0,1,W,1,12,03/09/2018,26.7,5,3,0,3.9,3.2,0.820512821,,,,,,,
A346,0,1,W,1,11,03/09/2018,27.5,5.2,4,0,3.5,1,0.285714286,,,,,,,
A1733,0,1,V,1,13,03/09/2018,24.3,6.6,3,0,2.9,1.8,0.620689655,,,,,,,
A32,0,1,W,1,12,03/09/2018,24.2,5.7,3,0,3.7,1.6,0.432432432,,,,,,,
A1736,0,1,W,1,12,03/09/2018,51.6,6.5,4,0,4.3,10.8,2.511627907,,,,,,,
A185,0,1,W,1,12,03/09/2018,48.3,6.7,5,0,7,6.2,0.885714286,,,,,,,
A1894,0,0,W,1,7,03/09/2018,12.2,3.8,2,0,1.9,2.3,1.210526316,,,,,,,
A1287,1,1,V,1,14,02/09/2018,26.9,7.4,3,0,3.3,3.8,1.151515152,,,,,,,
A1289,0,1,V,1,12,02/09/2018,24.1,7.5,3,0,3.3,2.3,0.696969697,,,,,,,
A354,0,1,W,1,12,02/09/2018,48.8,5.7,4,0,4,10.5,2.625,,,,,,,
A788,0,1,W,1,11,02/09/2018,24,5.8,3,0,3.9,5.2,1.333333333,,,,,,,
A42,0,1,W,1,11,02/09/2018,25.4,6.3,3,0,4.3,2.8,0.651162791,,,,,,,
A881,0,1,W,0,14,01/09/2018,25.4,8.2,3,1,4.2,3.1,0.738095238,,,,,,,
A942,0,1,W,0,12,02/09/2018,20.2,8.4,3,1,3.6,3.9,1.083333333,,,,,,,
A1312,1,1,W,1,11,02/09/2018,28.7,6.1,3,0,3.7,3.8,1.027027027,,,,,,,
A895,0,1,W,0,10,02/09/2018,18.2,8.8,3,1,4,2.4,0.6,,,,,,,
A1075,0,0,V,1,9,02/09/2018,13.3,3.9,2,0,2,1.4,0.7,,,,,,,
A629,0,0,V,1,11,02/09/2018,18.5,5.4,2,0,2.5,2.3,0.92,,,,,,,
A1509,0,0,W,1,7,03/09/2018,9.4,3.3,2,0,1.7,1.2,0.705882353,,,,,,,
B127,1,1,W,0,14,03/09/2018,23.1,8.9,2,0,3.4,1.6,0.470588235,,,,,,,
A1538,0,0,W,1,7,03/09/2018,8.5,3.2,1,0,1,0.5,0.5,,,,,,,
A27,0,1,W,0,12,13/09/2018,53.8,6.9,5,2,9.5,11,1.157894737,,,,,,,
A495,0,1,W,0,10,10/09/2018,17.5,4.6,3,0,3.3,2.3,0.696969697,,,,,,,
A1376,0,1,W,0,12,13/09/2018,20.4,8.3,4,0,5.5,2,0.363636364,,,,,,,
A378,0,1,W,0,12,10/09/2018,9,6.4,6,3,10.3,15,1.45631068,,,,,,,
A821,0,1,V,1,15,10/09/2018,32.2,6.9,3,0,3.3,2.4,0.727272727,,,,,,,
A1464,0,0,W,1,6,13/09/2018,4.8,2.7,1,0,0.8,0.4,0.5,,,,,,,
B284,1,1,W,0,17,13/09/2018,23.3,8.3,3,0,3.4,1.8,0.529411765,,,,,,,
A1404,0,1,W,0,15,13/09/2018,25.1,7.1,2,0,4.2,1.5,0.357142857,,,,,,,
A30,0,1,W,1,11,13/09/2018,11.4,5.2,2,0,2.9,1,0.344827586,,,,,,,
A819,0,1,W,1,12,13/09/2018,17.2,5.4,3,0,3.1,1.9,0.612903226,,,,,,,
A503,0,1,W,0,12,13/09/2018,31.2,5.7,4,0,5.7,2.8,0.49122807,,,,,,,
A700,0,1,W,0,9,22/09/2018,15.2,5.5,2,1,3.5,1.8,0.514285714,,,,,,,
A581,0,1,W,0,15,23/09/2018,15.6,5.8,3,0,2.7,0.4,0.148148148,,,,,,,
A962,0,1,W,0,12,24/09/2018,12.7,6.9,3,0,4,1,0.25,,,,,,,
A1977,0,1,V,0,11,23/09/2018,13,5.7,2,0,2.5,2.3,0.92,,,,,,,
A1310,0,1,W,0,9,25/09/2018,8.7,5.1,2,0,3.1,1.3,0.419354839,,,,,,,
A856,,,W,0,13,25/08/2018,33,4.8,3,0,4.3,4.5,1.046511628,,,,,,,
B1597,,,W,0,8,23/08/2018,25,8.1,3,0,3.3,2.6,0.787878788,,,,,,,
A516,,,W,0,10,24/08/2018,43,5.2,4,0,5.3,7.7,1.452830189,,,,,,,
A758,,,W,0,9,24/08/2018,50,6.4,4,1,5.7,13.9,2.438596491,,,,,,,
A329,,,W,0,12,24/08/2018,56,4.8,5,0,5.4,10.8,2,,,,,,,
A726,,,W,0,14,25/08/2018,58,6.3,4,0,4.9,12.4,2.530612245,,,,,,,
A846,,,W,0,12,27/08/2018,33,6.2,3,0,4.7,5.5,1.170212766,,,,,,,
B1221,,,W,0,11,27/08/2018,20,6.9,3,0,3.3,1.9,0.575757576,,,,,,,
A4,,,W,0,13,27/08/2018,43,6.1,4,0,4.7,7.2,1.531914894,,,,,,,
A523,,,W,0,6,27/08/2018,17,5.7,2,0,4.5,3.6,0.8,,,,,,,
A1401,,,W,0,10,28/08/2018,16,6.7,3,0,4.7,3,0.638297872,,,,,,,
A1308,,,W,0,13,27/08/2018,24,7.9,3,0,4.4,2.7,0.613636364,,,,,,,
A525,,,W,0,12,27/08/2018,31,5.6,3,0,4.6,5.8,1.260869565,,,,,,,
A40,,,W,0,12,27/08/2018,42,5.9,4,0,5.9,5.5,0.93220339,,,,,,,
A585,,,W,0,14,26/08/2018,27,8.7,4,0,4.6,4.6,1,,,,,,,
A859,,,W,0,10,27/08/2018,22,5,3,0,3,1.8,0.6,,,,,,,
A400,,,W,0,11,28/08/2018,14,5.3,2,0,2.7,1.6,0.592592593,,,,,,,
A5,,,W,0,8,27/08/2018,16,4.3,2,0,2.2,1.3,0.590909091,,,,,,,
A825,,,V,0,16,27/08/2018,43,6.7,4,0,4.3,5.1,1.186046512,,,,,,,
A522,,,W,0,10,27/08/2018,10,5.1,2,0,2,0.9,0.45,,,,,,,
A350,,,V,0,12,27/08/2018,25,6.8,3,0,3.1,2.5,0.806451613,,,,,,,
A1472,,,W,1,9,30/08/2018,15,4,2,0,1.5,1.5,1,,,,,,,
A1473,,,W,0,9,29/08/2018,12,3.9,2,0,1.7,1,0.588235294,4,,,,,,
B1786,,,W,0,13,31/08/2018,20,5,3,0,3.4,2.5,0.735294118,,,,,,,
A339,,,W,0,11,30/08/2018,22,4.6,3,1,3.5,1.2,0.342857143,,,,,,,
A201,,,W,0,10,30/08/2018,25,0.9,3,1,3.8,1.9,0.5,,,,,,,
B1599,,,W,0,8,30/08/2018,17,8.7,3,2,5.2,1.8,0.346153846,,,,,,,
A352,,,W,1,10,30/08/2018,32,5.4,3,0,4.9,3.7,0.755102041,,,,,,,
A1336,,,V,0,11,30/08/2018,27,7,3,0,3.7,4.9,1.324324324,,,,,,,
A362,,,W,0,13,31/08/2018,42,5,4,0,4.3,6.1,1.418604651,,,,,,,
A3,,,W,0,10,30/08/2018,15,5.2,3,0,2,1.1,0.55,,,,,,,
A1764,,,V,0,12,30/08/2018,25,7.1,3,0,3.5,1.8,0.514285714,,,,,,,
A1754,,,W,0,11,30/08/2018,47,6.1,3,0,5.6,6.8,1.214285714,,,,,,,
A1892,,,W,1,10,30/08/2018,30,5.4,2,1,3.4,2.2,0.647058824,,,,,,,
A912,,,W,0,6,30/08/2018,17,7.9,3,0,4.5,1.9,0.422222222,,,,,,,
A892,,,W,0,11,30/08/2018,31,6.9,4,0,4.4,2.1,0.477272727,,,,,,,
A517,,,W,1,12,30/08/2018,17,5.5,3,0,3.1,1.5,0.483870968,,,,,,,
A326,,,W,0,10,31/08/2018,29,6.8,4,0,4.4,8,1.818181818,,,,,,,
A729,,,W,1,10,30/08/2018,12,4.6,2,0,2,2.5,1.25,,,,,,,
A1640,,,W,0,8,04/09/2019,20,7,3,0,4.1,3.4,0.829268293,,,,,,,
A1945,,,V,0,15,04/09/2019,26,6.7,3,0,2.7,2.5,0.925925926,,,,,,,
A1632,,,W,0,18,04/09/2019,42,9.8,4,1,6.3,8.6,1.365079365,,,,,,,
A728,,,W,1,14,04/09/2019,40,5.8,4,0,4.9,5.4,1.102040816,,,,,,,
A1338,,,W,0,12,04/09/2019,39,6.6,4,0,6.5,7.6,1.169230769,,,,,,,
A388,,,W,0,10,04/09/2019,18,5,2,0,2,1,0.5,,,,,,,
A490,,,W,0,11,04/09/2019,24,6.3,3,0,3.4,3.2,0.941176471,,,,,,,
A732,,,W,0,14,04/09/2019,45,6.8,4,0,5,7.2,1.44,,,,,,,
B1837,,,W,0,10,06/09/2018,17,7.2,3,0,2.5,1.8,0.72,,,,,,,
A722,,,W,1,11,06/09/2018,9,5.1,2,0,2.5,1.2,0.48,,,,,,,
A1701,,,W,1,9,06/09/2018,7,4.4,1,0,1.6,1,0.625,,,,,,,
A740,,,W,0,12,06/09/2018,15,5.3,2,0,3.6,2,0.555555556,,,,,,,
B279,,,W,0,12,06/09/2018,12,4.9,2,0,2.4,1.9,0.791666667,,,,,,,
A2008,,,W,0,13,06/09/2018,16,7,3,0,2.8,2.3,0.821428571,,,,,,,
B1201,,,W,0,-,06/09/2018,16,7.3,4,0,4.7,3.5,0.744680851,,,,,,,
A534,,,W,0,11,08/08/2018,19,5.3,3,0,3.3,1.5,0.454545455,,,,,,,
B1202,,,W,0,11,08/08/2018,9,7.1,2,0,3,1.3,0.433333333,,,,,,,
A947,,,W,0,13,08/08/2018,30,8.8,5,1,4.7,6,1.276595745,,,,,,,
A1007,,,W,0,12,08/08/2018,23,7.3,3,1,3.5,2.4,0.685714286,,,,,,,
A578,,,W,0,14,09/09/2018,17,7.9,3,0,2.9,1.4,0.482758621,,,,,,,
A1956,,,W,0,10,09/09/2018,6,4.2,2,0,2.6,3.7,1.423076923,,,,,,,
A1307,,,V,0,15,09/09/2018,22,6.6,2,0,2.4,1.4,0.583333333,,,,,,,
B1577,,,W,0,9,09/09/2018,12,5.1,2,0,2.2,1,0.454545455,,,,,,,
A968,,,W,0,14,09/09/2018,21,7.3,3,0,0.6,2.3,3.833333333,,,,,,,
A834,,,W,0,11,09/09/2018,24,5.1,3,0,3.5,5.4,1.542857143,,,,,,,
A732,,,W,0,12,08/08/2018,49,6.3,4,0,5.8,0.4,0.068965517,,,,,,,
A955,,,W,0,12,11/09/2018,22,7.4,3,0,4,2.6,0.65,,,,,,,
A1649,,,W,0,9,11/09/2018,18,8.7,3,0,4,2,0.5,,,,,,,
A376,,,W,0,13,11/09/2018,91,7.1,5,0,12,11,0.916666667,,,,,,,
B1574,,,W,0,9,11/09/2018,11,8,3,0,2.9,1.7,0.586206897,,,,,,,
A1439,,,W,0,10,11/09/2018,20,7.4,3,1,3.3,2.7,0.818181818,,,,,,,
A1943,,,V,0,11,12/09/2018,24,7.8,3,0,3.2,4.1,1.28125,,,,,,,
A1,,,W,0,9,12/09/2018,15,5.5,3,0,3,2.9,0.966666667,,,,,,,
A520,,,W,0,10,12/09/2018,11,5.6,2,0,4,1.3,0.325,,,,,,,
A368,,,W,0,14,12/09/2018,53,6,4,0,5.5,4,0.727272727,,,,,,,
A1370,,,V,0,14,12/09/2018,17,5.8,2,0,2.3,1.5,0.652173913,,,,,,,
A1510,,,W,0,7,12/09/2018,10,3.5,1,0,1.4,1,0.714285714,,,,,,,
A324,,,W,0,9,12/09/2018,17,4.9,3,0,4.1,3,0.731707317,,,,,,,
A1306,,,V,0,11,16/09/2018,17,7.2,2,0,3,2.8,0.933333333,,,,,,,
A1763,,,V,0,13,16/09/2018,27,7.3,3,0,3.4,4.8,1.411764706,,,,,,,
A745,,,W,0,10,18/09/2018,10,5.2,2,0,2.7,1.6,0.592592593,,,,,,,
A1859,,,W,0,10,18/09/2018,7,5.5,1,0,2.7,1.2,0.444444444,,,,,,,
A494,,,W,0,9,18/09/2018,13,4.5,1,0,2.1,1.1,0.523809524,,,,,,,
A357,,,W,0,11,18/09/2018,14,4.7,2,0,2.3,1.6,0.695652174,,,,,,,
B2012,,,W,0,8,18/09/2018,9,4.2,2,0,2.6,1,0.384615385,,,,,,,
A1304,,,V,0,13,18/09/2018,16,5.1,2,0,2.7,1.7,0.62962963,,,,,,,
A727,,,W,0,8,18/09/2018,8,3.8,1,0,2.2,1,0.454545455,,,,,,,
A738,,,V,0,-,15/09/2018,16,5.7,2,0,2,1.7,0.85,,,,,,,
A933,,,W,0,13,19/09/2018,20,8.6,3,0,3.7,2.4,0.648648649,,,,,,,
A886,,,W,0,14,19/09/2018,24,7.8,3,0,4.5,3.5,0.777777778,,,,,,,
A87,,,W,0,15,19/09/2018,16,7,3,0,3.7,1.9,0.513513514,,,,,,,
A569,,,W,0,13,19/09/2018,15,7.8,3,0,3.4,1.6,0.470588235,,,,,,,
B1220,,,W,0,9,21/09/2018,9,5.7,2,0,1.5,1,0.666666667,,,,,,,